[?25l[0m[38;2;12;56;41;48;2;16;56;46m▄[38;2;12;52;41;48;2;12;53;42m┒[38;2;9;52;37;48;2;12;53;40m▃[38;2;14;51;38;48;2;12;50;37m╸[38;2;7;49;37;48;2;11;51;39m╺[38;2;10;50;37;48;2;8;47;36m▇[38;2;13;48;39;48;2;12;49;37m┒[38;2;12;50;41;48;2;12;50;36m▋[38;2;13;52;40;48;2;11;50;36m▝[38;2;12;50;42;48;2;11;50;37m╻[38;2;11;50;43;48;2;10;50;37m┗[38;2;11;50;35;48;2;10;51;38m▌[38;2;11;53;38;48;2;11;50;36m▍[38;2;13;51;38;48;2;10;49;38m▃[38;2;14;53;40;48;2;11;50;38m─[38;2;13;51;36;48;2;10;52;38m╶[38;2;11;50;38;48;2;9;49;35m▚[38;2;12;51;37;48;2;9;49;36m┖[38;2;11;47;36;48;2;10;49;38m▗[38;2;12;54;40;48;2;10;50;36m╹[38;2;10;50;35;48;2;10;50;39m▖[38;2;11;51;39;48;2;9;49;36m▘[38;2;8;50;36;48;2;11;51;37m▍[38;2;11;52;40;48;2;10;51;37m▗[48;2;9;51;36m▁[38;2;11;52;38;48;2;10;51;36m╉[38;2;11;51;37;48;2;11;51;41m▖[38;2;10;54;42;48;2;10;52;39m▝[38;2;10;51;41;48;2;12;54;43m┰[38;2;11;55;42;48;2;14;59;49m▆[38;2;12;59;43;48;2;11;68;47m▅[38;2;14;65;47;48;2;15;67;56m▆[38;2;14;67;49;48;2;18;73;54m▃[38;2;16;73;53;48;2;19;80;59m▄[38;2;18;76;55;48;2;21;83;62m▃[38;2;22;82;60;48;2;24;92;65m▄[38;2;24;88;63;48;2;29;99;70m▄[38;2;27;97;68;48;2;35;106;77m▃[38;2;34;106;77;48;2;41;115;85m▃[38;2;43;116;82;48;2;46;124;93m▃[38;2;46;127;91;48;2;52;131;96m▃[38;2;63;142;107;48;2;55;134;99m▝[38;2;64;149;112;48;2;60;141;107m▝[38;2;63;146;108;48;2;68;153;116m▃[38;2;68;152;116;48;2;71;158;121m▄[38;2;68;154;117;48;2;74;159;123m▂[38;2;70;160;121;48;2;77;162;125m▂[38;2;74;164;122;48;2;79;166;123m▅[38;2;77;165;125;48;2;82;168;127m▅[38;2;74;166;127;48;2;78;168;127m▖[38;2;77;170;126;48;2;82;170;132m▄[38;2;77;169;129;48;2;82;172;132m▃[38;2;79;171;132;48;2;80;173;134m▁[38;2;84;173;130;48;2;80;171;132m▘[38;2;81;172;133;48;2;79;172;132m┻[38;2;81;173;133;48;2;79;171;132m╱[38;2;79;171;132;48;2;77;169;132m▋[38;2;75;168;127;48;2;77;170;131m┏[38;2;75;167;128;48;2;78;169;129m▘[38;2;76;164;127;48;2;79;166;129m╏[38;2;79;165;124;48;2;78;164;128m▝[38;2;79;166;126;48;2;80;167;129m▉[38;2;74;162;126;48;2;80;165;128m╸[38;2;81;166;125;48;2;85;166;126m▃[38;2;86;168;127;48;2;87;166;131m▖[38;2;89;165;130;48;2;95;166;128m▇[38;2;94;166;130;48;2;96;163;132m▄[38;2;98;162;130;48;2;99;164;130m╸[38;2;99;161;129;48;2;102;164;132m┐[38;2;106;164;129;48;2;110;162;133m▋[38;2;113;160;131;48;2;118;159;134m▃[38;2;118;160;133;48;2;125;159;135m▖[38;2;138;158;136;48;2;129;158;135m▝[38;2;138;156;136;48;2;147;156;138m▅[38;2;145;154;138;48;2;152;154;140m▂[38;2;154;154;141;48;2;161;154;142m▖[38;2;162;152;140;48;2;168;153;143m▍[38;2;178;151;144;48;2;171;151;142m▝[38;2;178;149;142;48;2;181;149;145m▌[38;2;190;148;146;48;2;184;148;147m▝[38;2;186;152;144;48;2;191;149;148m▁[38;2;189;149;150;48;2;197;148;149m▖[38;2;204;145;149;48;2;199;148;150m▝[38;2;205;146;150;48;2;211;146;152m▇[38;2;208;146;145;48;2;209;145;152m▁[38;2;211;144;148;48;2;210;145;151m▝[38;2;210;145;151;48;2;210;143;147m▅[38;2;208;144;145;48;2;209;145;150m┕[38;2;210;144;150;48;2;210;142;146m▅[38;2;210;141;147;48;2;204;141;144m▇[38;2;212;139;146;48;2;208;137;143m┨[38;2;209;137;144;48;2;207;133;140m▄[38;2;208;133;137;48;2;210;135;141m▚[38;2;210;133;142;48;2;208;129;136m▌[38;2;207;128;134;48;2;204;125;130m▋[38;2;205;124;128;48;2;202;120;125m▍[38;2;199;114;114;48;2;201;117;120m╺[38;2;201;114;115;48;2;198;111;111m▎[38;2;197;109;111;48;2;194;106;107m▌[38;2;192;103;102;48;2;187;102;99m▇[0m
[38;2;6;53;40;48;2;12;53;41m▁[38;2;8;50;36;48;2;10;52;39m▂[38;2;12;52;39;48;2;11;49;37m▌[38;2;14;51;39;48;2;11;50;36m╼[38;2;12;50;39;48;2;12;49;36m▆[38;2;11;49;36;48;2;13;50;39m┖[38;2;10;49;33;48;2;12;51;37m┏[38;2;13;54;41;48;2;11;50;38m▁[38;2;11;52;38;48;2;11;49;37m┓[38;2;14;51;38;48;2;12;49;37m┃[38;2;13;49;41;48;2;11;49;36m▂[38;2;8;52;38;48;2;11;49;35m▖[38;2;10;49;37;48;2;12;51;39m▋[38;2;13;51;38;48;2;9;49;36m▖[38;2;11;48;35;48;2;10;52;37m┗[38;2;10;49;36;48;2;12;51;38m┍[38;2;10;50;35;48;2;11;51;36m┊[38;2;9;50;35;48;2;10;52;39m▖[38;2;12;51;39;48;2;11;50;37m╾[38;2;11;51;37;48;2;9;50;39m▄[38;2;10;50;36;48;2;8;49;34m▊[38;2;8;51;37;48;2;11;51;37m┓[38;2;9;51;36;48;2;10;50;38m▂[38;2;12;48;34;48;2;11;50;38m╸[38;2;8;48;35;48;2;10;51;39m┑[38;2;10;50;38;48;2;9;51;36m▚[38;2;16;48;39;48;2;10;50;37m╺[38;2;10;52;40;48;2;9;50;36m╼[38;2;12;52;37;48;2;9;51;38m▂[38;2;8;49;35;48;2;11;52;38m╻[38;2;9;53;39;48;2;11;53;40m┊[38;2;11;54;39;48;2;13;56;44m▅[38;2;12;58;42;48;2;13;61;49m▇[38;2;16;57;43;48;2;14;64;47m▂[38;2;14;62;48;48;2;14;70;51m▃[38;2;18;68;50;48;2;18;76;53m▅[38;2;17;73;53;48;2;21;80;60m▄[38;2;19;77;57;48;2;22;86;63m▄[38;2;24;82;58;48;2;29;96;69m▃[38;2;27;91;65;48;2;36;104;75m▃[38;2;36;103;75;48;2;42;115;83m▃[38;2;43;114;85;48;2;50;127;95m▅[38;2;46;123;88;48;2;53;131;99m▄[38;2;51;130;97;48;2;58;140;103m▅[38;2;55;134;102;48;2;62;143;109m▄[38;2;56;137;101;48;2;66;149;112m▃[38;2;59;141;104;48;2;66;152;112m▂[38;2;63;151;108;48;2;69;156;116m▂[38;2;69;155;117;48;2;75;162;121m▄[38;2;68;161;116;48;2;73;165;125m▃[38;2;71;161;124;48;2;73;166;127m▂[38;2;78;165;125;48;2;78;170;129m▃[38;2;76;168;125;48;2;78;171;129m▖[38;2;76;170;126;48;2;80;171;130m▅[38;2;72;166;122;48;2;77;171;128m▁[38;2;76;168;127;48;2;79;171;132m▆[38;2;77;169;130;48;2;76;167;126m▋[38;2;74;166;124;48;2;76;168;130m▃[38;2;72;165;125;48;2;75;168;129m▃[38;2;71;165;124;48;2;76;167;128m▄[38;2;74;164;121;48;2;73;166;126m▃[38;2;73;164;123;48;2;77;166;125m▃[38;2;76;166;127;48;2;79;166;124m▆[38;2;81;165;129;48;2;80;164;126m┯[38;2;76;165;123;48;2;82;167;127m▖[38;2;79;165;126;48;2;85;166;126m▖[38;2;84;168;126;48;2;89;168;128m▖[38;2;89;167;127;48;2;93;168;130m▖[38;2;95;167;131;48;2;99;169;132m▋[38;2;100;167;130;48;2;105;167;133m▆[38;2;104;166;132;48;2;110;166;133m▃[38;2;120;162;132;48;2;112;165;133m▝[38;2;115;165;134;48;2;123;161;134m▖[38;2;125;159;134;48;2;133;158;137m▄[38;2;131;158;135;48;2;139;157;138m▃[38;2;149;154;138;48;2;144;158;139m▝[38;2;161;153;142;48;2;151;155;140m▝[38;2;159;152;139;48;2;166;154;143m▄[38;2;173;150;143;48;2;167;153;143m▝[38;2;171;151;144;48;2;178;149;145m▖[38;2;179;148;145;48;2;185;149;146m▃[38;2;184;150;147;48;2;190;148;148m▖[38;2;192;144;147;48;2;194;147;149m▎[38;2;199;147;151;48;2;203;147;154m▄[38;2;206;146;153;48;2;208;145;146m▇[38;2;207;144;151;48;2;209;145;153m┹[38;2;207;144;150;48;2;208;146;154m╍[38;2;211;148;154;48;2;209;145;152m┃[38;2;211;145;156;48;2;210;146;153m▃[38;2;206;146;154;48;2;210;143;149m▃[38;2;208;144;150;48;2;207;142;146m▄[38;2;207;137;146;48;2;208;140;149m╍[38;2;209;139;147;48;2;206;136;142m▎[38;2;206;134;140;48;2;204;135;138m▉[38;2;205;130;135;48;2;202;127;132m▋[38;2;202;128;132;48;2;202;125;128m▍[38;2;200;121;125;48;2;200;119;120m▌[38;2;196;111;114;48;2;199;115;119m▝[38;2;194;111;114;48;2;195;107;108m▖[38;2;192;106;104;48;2;188;102;99m▋[0m
[38;2;11;49;36;48;2;13;52;40m┕[38;2;12;52;43;48;2;11;50;36m▁[38;2;10;47;35;48;2;12;49;38m╴[38;2;11;50;37;48;2;11;51;41m▇[38;2;12;47;36;48;2;13;50;39m╸[38;2;12;54;38;48;2;10;51;37m▃[38;2;9;51;34;48;2;11;52;38m╺[38;2;12;50;40;48;2;11;52;37m▝[48;2;10;49;37m▚[38;2;12;51;40;48;2;11;51;37m╸[38;2;13;50;35;48;2;12;50;39m╸[38;2;9;49;35;48;2;11;51;37m╺[38;2;12;50;37;48;2;9;49;35m┚[38;2;9;50;36;48;2;11;51;39m▘[38;2;11;50;36;48;2;12;50;39m▂[38;2;10;47;34;48;2;12;49;37m┰[38;2;12;50;39;48;2;10;48;38m▎[38;2;12;48;40;48;2;11;49;36m▋[38;2;12;50;38;48;2;11;49;34m▃[38;2;11;51;36;48;2;7;48;34m▇[38;2;10;50;37;48;2;7;51;33m▇[38;2;12;52;35;48;2;9;49;35m┎[38;2;13;48;39;48;2;10;48;37m╴[38;2;10;48;34;48;2;10;49;37m▝[38;2;10;49;39;48;2;10;49;35m┏[38;2;12;50;37;48;2;10;48;35m╲[38;2;6;49;35;48;2;10;49;36m╻[38;2;10;49;35;48;2;10;50;37m▅[38;2;9;50;35;48;2;11;51;39m┑[38;2;10;47;36;48;2;11;48;39m▃[38;2;11;49;40;48;2;11;50;37m▍[38;2;9;50;35;48;2;10;51;37m╱[38;2;12;51;37;48;2;11;53;42m▆[38;2;10;52;40;48;2;11;55;42m▄[38;2;13;58;45;48;2;11;55;41m▝[38;2;12;56;41;48;2;14;59;45m┱[38;2;13;61;44;48;2;15;68;49m▆[38;2;12;63;46;48;2;18;71;50m▄[38;2;13;67;50;48;2;19;74;53m▃[38;2;17;74;53;48;2;20;81;58m▄[38;2;19;81;59;48;2;25;89;63m▅[38;2;25;86;61;48;2;30;97;69m▅[38;2;27;96;67;48;2;39;109;81m▆[38;2;33;103;73;48;2;45;121;88m▆[38;2;35;108;78;48;2;49;125;93m▅[38;2;40;114;81;48;2;52;131;96m▄[38;2;43;118;87;48;2;56;137;99m▄[38;2;45;124;92;48;2;58;141;104m▃[38;2;46;129;96;48;2;62;144;108m▂[38;2;56;137;102;48;2;63;150;109m▂[38;2;63;146;107;48;2;66;154;116m▃[38;2;67;153;113;48;2;74;161;120m▅[38;2;68;155;118;48;2;74;162;121m▃[38;2;71;157;119;48;2;74;164;123m▃[38;2;68;157;119;48;2;73;163;124m▂[38;2;67;157;116;48;2;72;163;125m▂[38;2;66;158;116;48;2;72;163;124m▂[38;2;70;160;118;48;2;69;163;123m▃[38;2;68;159;120;48;2;73;164;125m▅[38;2;66;157;120;48;2;72;162;121m▄[38;2;69;160;122;48;2;75;163;124m▅[38;2;71;161;124;48;2;73;165;123m▆[38;2;72;162;124;48;2;76;166;126m▅[38;2;73;164;126;48;2;77;165;129m┫[38;2;76;164;127;48;2;78;168;129m▅[38;2;79;166;128;48;2;82;166;130m▄[38;2;82;165;126;48;2;85;167;129m▅[38;2;83;164;126;48;2;89;168;129m▂[38;2;88;166;130;48;2;91;168;130m▄[38;2;97;168;132;48;2;92;168;131m▝[38;2;92;166;129;48;2;99;168;132m▃[38;2;101;165;130;48;2;106;166;134m▅[38;2;106;164;132;48;2;112;164;133m▅[38;2;112;163;132;48;2;120;162;134m▆[38;2;119;161;134;48;2;126;159;134m▆[38;2;121;161;132;48;2;132;158;136m▃[38;2;133;158;138;48;2;146;155;141m▆[38;2;140;157;137;48;2;153;156;142m▄[38;2;151;155;140;48;2;164;154;144m▅[38;2;157;153;140;48;2;167;152;143m▃[38;2;165;152;143;48;2;176;150;146m▃[38;2;174;151;145;48;2;181;150;148m▖[38;2;182;150;147;48;2;188;147;147m▃[38;2;188;147;148;48;2;193;147;151m▖[38;2;193;146;148;48;2;199;144;150m▖[38;2;203;145;151;48;2;208;144;154m▅[38;2;204;146;149;48;2;207;145;154m╸[38;2;210;149;155;48;2;207;146;152m╌[38;2;206;143;152;48;2;207;145;155m▂[38;2;205;144;152;48;2;209;146;154m━[38;2;205;143;150;48;2;209;146;155m▅[38;2;203;143;150;48;2;209;142;152m▗[38;2;208;144;152;48;2;205;141;148m╸[38;2;207;141;149;48;2;205;136;142m▖[38;2;205;140;144;48;2;204;132;139m▂[38;2;208;139;144;48;2;201;127;133m▁[38;2;197;130;135;48;2;200;122;127m▁[38;2;196;122;126;48;2;197;116;121m▂[38;2;197;117;115;48;2;194;110;114m▂[38;2;193;109;111;48;2;190;105;105m▂[0m
[38;2;16;56;45;48;2;13;52;41m▅[38;2;13;53;40;48;2;11;52;39m┷[38;2;14;54;40;48;2;12;51;40m▏[38;2;10;47;36;48;2;11;51;41m▘[38;2;12;52;40;48;2;11;50;36m▄[38;2;13;51;40;48;2;11;51;37m▃[38;2;11;51;36;48;2;12;50;38m━[38;2;11;49;36;48;2;12;51;39m╵[38;2;13;50;40;48;2;12;50;38m▋[38;2;11;52;37;48;2;12;51;38m┊[38;2;11;50;36;48;2;11;50;40m▆[38;2;13;51;36;48;2;10;50;35m┒[38;2;9;48;34;48;2;11;50;37m╺[38;2;13;49;35;48;2;12;50;35m╵[38;2;12;50;39;48;2;12;51;35m▋[38;2;12;52;37;48;2;10;50;35m▚[38;2;12;50;38;48;2;14;52;40m▉[38;2;10;49;35;48;2;11;51;37m╵[38;2;12;48;36;48;2;12;49;38m╶[38;2;10;49;36;48;2;12;50;37m╏[38;2;12;50;38;48;2;11;49;37m▌[38;2;13;50;40m▗[48;2;10;49;36m▍[38;2;12;50;39;48;2;10;49;34m▗[38;2;8;50;38m▗[38;2;12;51;38;48;2;9;50;35m╼[38;2;8;52;35;48;2;9;48;36m▂[38;2;13;51;38;48;2;10;49;35m▖[38;2;8;47;35;48;2;10;50;37m╺[38;2;9;50;40;48;2;9;50;37m▘[38;2;9;48;35;48;2;11;50;36m▄[38;2;12;50;37;48;2;9;48;35m┛[38;2;8;47;34;48;2;11;50;37m╻[38;2;9;50;35;48;2;10;51;37m▚[38;2;12;51;36;48;2;11;53;38m▆[38;2;8;49;35;48;2;12;54;39m▂[38;2;10;53;39;48;2;11;55;41m▖[38;2;10;54;39;48;2;12;58;43m▍[38;2;12;57;42;48;2;14;62;47m▄[38;2;13;62;43;48;2;15;66;50m▄[38;2;15;67;48;48;2;16;74;51m▄[38;2;16;71;47;48;2;18;78;56m▂[38;2;19;77;52;48;2;23;84;59m▄[38;2;19;81;56;48;2;26;89;63m▂[38;2;26;88;63;48;2;30;98;68m▄[38;2;27;96;68;48;2;36;102;73m▃[38;2;34;105;73;48;2;39;112;81m▅[38;2;36;111;76;48;2;40;114;84m▎[38;2;48;124;92;48;2;42;117;84m▝[38;2;44;120;86;48;2;49;126;92m▄[38;2;49;127;92;48;2;52;132;98m▄[38;2;49;132;96;48;2;57;142;104m▅[38;2;54;134;96;48;2;64;148;111m▅[38;2;56;140;101;48;2;67;154;113m▅[38;2;57;144;103;48;2;67;155;114m▄[38;2;61;147;107;48;2;66;155;115m▄[38;2;59;147;108;48;2;66;156;115m▃[38;2;59;149;112;48;2;64;154;116m▂[38;2;61;152;109;48;2;63;153;115m╻[38;2;62;152;114;48;2;63;154;116m▂[38;2;63;155;118;48;2;66;157;119m▃[38;2;64;156;117;48;2;67;159;119m┲[38;2;71;160;124;48;2;66;158;119m▝[38;2;67;160;117;48;2;73;160;124m▖[38;2;70;160;122;48;2;76;163;127m▅[38;2;73;159;124;48;2;77;164;129m▅[38;2;74;160;121;48;2;77;165;127m▖[38;2;74;163;127;48;2;80;166;130m▃[38;2;78;162;127;48;2;84;167;130m▖[38;2;85;164;128;48;2;89;168;131m▃[38;2;89;165;128;48;2;92;167;132m▅[38;2;90;165;127;48;2;96;164;128m▅[38;2;97;163;129;48;2;104;167;131m▇[38;2;97;162;127;48;2;102;162;129m▃[38;2;105;161;128;48;2;108;163;130m▍[38;2;107;160;130;48;2;114;164;133m▄[38;2;116;161;132;48;2;127;160;135m▆[38;2;124;162;134;48;2;134;158;136m▅[38;2;128;159;135;48;2;140;158;138m▃[38;2;139;158;136;48;2;149;156;139m▄[38;2;151;155;138;48;2;158;155;142m▄[38;2;158;155;140;48;2;168;152;144m▅[38;2;164;154;142;48;2;175;151;145m▄[38;2;171;152;145;48;2;183;151;148m▄[38;2;181;149;147;48;2;191;148;150m▅[38;2;187;150;146;48;2;194;147;148m▖[38;2;194;147;151;48;2;200;145;151m▃[38;2;198;144;148;48;2;202;145;152m▂[38;2;201;142;148;48;2;205;144;151m▅[38;2;205;140;147;48;2;207;142;150m▅[38;2;200;136;141;48;2;206;140;147m▗[38;2;203;134;139;48;2;208;141;149m▅[38;2;203;132;141;48;2;206;143;148m▅[38;2;201;129;135;48;2;205;137;143m▃[38;2;198;124;131;48;2;203;135;139m▂[38;2;200;130;134;48;2;207;140;144m▇[38;2;197;126;129;48;2;201;134;139m▅[38;2;204;130;131;48;2;196;125;128m▁[38;2;194;118;121;48;2;197;123;125m▄[38;2;194;124;124;48;2;188;112;116m━[0m
[38;2;15;60;47;48;2;17;58;44m▃[38;2;16;58;44;48;2;14;56;42m▆[38;2;12;53;41;48;2;13;56;44m┻[38;2;11;55;40;48;2;13;53;42m▃[38;2;14;54;43;48;2;11;52;40m▂[38;2;12;51;38;48;2;11;51;39m╶[38;2;12;53;40;48;2;12;52;40m╷[38;2;11;52;39;48;2;13;50;37m▆[38;2;10;49;40;48;2;13;52;41m▚[38;2;13;53;39;48;2;11;51;37m┍[38;2;12;52;38;48;2;10;51;38m▊[38;2;8;49;35;48;2;11;50;39m▘[38;2;12;49;35;48;2;13;50;39m┗[38;2;13;51;39;48;2;12;49;37m╶[38;2;11;51;38;48;2;12;48;37m▝[48;2;13;49;38m [38;2;12;49;39m╷[38;2;12;51;38;48;2;12;49;37m╺[38;2;13;50;37;48;2;11;49;36m▖[38;2;9;49;36;48;2;11;49;38m▗[38;2;12;49;37;48;2;14;51;39m▆[38;2;11;49;36m▅[38;2;11;51;38;48;2;11;48;36m▍[38;2;12;49;32;48;2;11;51;39m▃[38;2;9;47;34;48;2;11;49;37m▁[38;2;9;51;33;48;2;12;50;37m╶[38;2;12;49;40;48;2;11;49;36m▘[38;2;11;50;34;48;2;9;48;33m▊[38;2;9;48;33;48;2;10;51;37m▏[38;2;12;50;39;48;2;8;49;35m▃[38;2;11;53;37;48;2;9;48;37m╸[38;2;12;51;37;48;2;10;49;35m╲[38;2;12;51;38;48;2;11;49;36m┏[38;2;12;50;37;48;2;10;48;35m▆[38;2;9;49;35;48;2;11;50;37m┑[38;2;11;48;36;48;2;12;51;38m▃[38;2;11;50;38;48;2;13;52;41m▄[38;2;9;53;36;48;2;12;54;42m╌[38;2;11;56;37;48;2;13;55;43m╾[38;2;10;56;38;48;2;13;59;44m▖[38;2;13;61;46;48;2;13;60;43m▚[38;2;13;62;43;48;2;16;65;47m▖[38;2;16;68;48;48;2;17;70;52m▋[38;2;19;71;54;48;2;20;77;53m▆[38;2;19;78;55;48;2;24;85;60m▆[38;2;25;83;59;48;2;25;89;62m▉[38;2;26;87;61;48;2;29;94;66m▃[38;2;29;93;66;48;2;34;102;72m▄[38;2;34;101;72;48;2;37;107;78m▄[38;2;31;106;74;48;2;40;113;82m▃[38;2;39;114;78;48;2;44;120;83m▄[38;2;40;116;81;48;2;45;125;87m▂[38;2;47;126;87;48;2;49;131;93m▄[38;2;49;129;91;48;2;53;135;95m▄[38;2;52;136;92;48;2;55;137;98m▖[38;2;55;137;97;48;2;56;142;103m▃[38;2;57;141;101;48;2;59;148;105m▅[38;2;59;145;106;48;2;62;149;107m▄[38;2;60;144;107;48;2;63;149;111m▖[38;2;60;148;109;48;2;64;151;114m▃[38;2;60;150;112;48;2;63;153;115m▂[38;2;65;155;117;48;2;63;152;115m▝[38;2;66;156;120;48;2;64;156;118m╸[38;2;67;157;115;48;2;65;157;118m▃[38;2;68;160;121;48;2;67;158;120m▝[38;2;69;160;122;48;2;73;162;120m▊[38;2;70;158;116;48;2;69;160;123m▏[38;2;70;160;119;48;2;71;161;123m▗[38;2;73;162;120;48;2;77;162;125m▎[38;2;77;162;122;48;2;77;163;124m╉[38;2;79;163;125;48;2;85;167;129m▇[38;2;82;161;124;48;2;85;163;128m─[38;2;87;163;127;48;2;92;165;131m▆[38;2;87;162;124;48;2;94;165;128m▖[38;2;95;164;127;48;2;100;164;132m▃[38;2;99;162;128;48;2;105;163;130m▃[38;2;107;163;129;48;2;112;162;131m▃[38;2;115;161;132;48;2;120;161;135m▉[38;2;119;160;134;48;2;126;160;136m▄[38;2;126;160;134;48;2;133;158;136m▅[38;2;134;158;135;48;2;141;157;136m▋[38;2;152;157;139;48;2;142;158;138m▝[38;2;149;156;139;48;2;157;156;140m▄[38;2;156;154;141;48;2;164;154;143m▄[38;2;162;153;141;48;2;169;153;144m▖[38;2;173;151;145;48;2;184;151;149m▆[38;2;180;151;146;48;2;188;148;149m▅[38;2;183;148;147;48;2;192;145;146m▃[38;2;185;145;145;48;2;196;144;146m▃[38;2;190;140;143;48;2;198;141;145m▂[38;2;195;137;139;48;2;201;137;141m▃[38;2;197;133;137;48;2;201;133;140m▅[38;2;201;133;138;48;2;198;128;134m▘[38;2;201;128;137;48;2;198;124;130m▎[38;2;198;120;126;48;2;200;122;127m▄[38;2;194;114;120;48;2;197;118;123m▗[38;2;192;110;115;48;2;194;114;117m▂[38;2;192;108;112;48;2;195;124;125m▇[38;2;188;101;102;48;2;202;127;131m▆[38;2;185;99;98;48;2;199;123;124m▅[0m
[38;2;24;60;49;48;2;18;58;46m┒[38;2;15;56;45;48;2;16;57;46m┻[38;2;15;56;46;48;2;14;55;43m▗[38;2;10;51;40;48;2;12;54;43m╺[38;2;13;54;43;48;2;13;52;39m▎[38;2;11;50;38;48;2;13;52;41m┨[38;2;13;50;38;48;2;12;53;40m▄[38;2;12;51;38;48;2;14;52;38m▋[38;2;15;53;39;48;2;11;50;38m▘[38;2;10;49;32;48;2;11;51;37m╷[38;2;11;50;38;48;2;12;50;39m▍[38;2;11;50;39;48;2;12;49;39m▂[38;2;12;51;37;48;2;13;50;40m▆[38;2;12;51;31;48;2;11;49;39m┃[38;2;12;51;38;48;2;12;51;35m▌[38;2;10;47;35;48;2;12;48;37m┓[38;2;12;48;36;48;2;9;50;35m▋[38;2;10;49;34;48;2;12;50;38m▍[38;2;10;46;36;48;2;12;49;38m╺[38;2;11;48;36;48;2;12;48;37m▚[38;2;10;47;34;48;2;11;49;37m▎[38;2;9;50;39;48;2;9;48;36m╺[38;2;11;48;36;48;2;12;49;38m╶[38;2;9;51;40;48;2;12;48;35m▗[38;2;13;50;39;48;2;11;48;37m▏[38;2;12;50;38;48;2;10;49;35m▋[38;2;10;48;35;48;2;10;49;36m▎[38;2;12;50;38;48;2;10;48;36m┴[38;2;12;49;36;48;2;9;50;33m▄[38;2;11;49;36;48;2;11;48;33m▉[38;2;13;50;39;48;2;11;48;35m╏[38;2;11;49;36;48;2;10;49;34m▅[38;2;13;51;40;48;2;11;49;36m╸[38;2;11;48;37;48;2;12;49;38m▍[38;2;11;49;36;48;2;12;50;37m▝[38;2;9;48;32;48;2;11;50;38m╺[38;2;10;50;35;48;2;11;47;38m▍[38;2;10;56;40;48;2;12;50;36m▝[38;2;10;50;33;48;2;14;55;40m▃[38;2;13;57;41;48;2;15;59;42m▌[38;2;14;61;43;48;2;13;62;40m▌[38;2;13;59;43;48;2;16;62;44m▘[38;2;13;64;43;48;2;14;66;45m╾[38;2;14;67;47;48;2;17;67;47m▊[38;2;17;69;49;48;2;19;75;54m▇[38;2;23;78;55;48;2;19;74;50m▝[38;2;21;78;51;48;2;25;82;58m▃[38;2;22;82;54;48;2;25;87;61m▖[38;2;27;90;63;48;2;30;95;67m▄[38;2;28;93;66;48;2;31;98;70m▖[38;2;31;99;70;48;2;35;104;75m▂[38;2;36;106;76;48;2;39;112;81m▅[38;2;39;111;78;48;2;42;120;86m▄[38;2;49;125;89;48;2;44;119;86m▝[38;2;50;132;93;48;2;49;128;89m▝[38;2;47;129;90;48;2;51;133;93m▖[38;2;55;138;102;48;2;52;135;95m▝[38;2;53;139;96;48;2;56;141;102m▂[38;2;56;142;101;48;2;60;144;108m▆[38;2;58;143;105;48;2;61;147;108m▃[38;2;59;146;109;48;2;61;151;113m▆[38;2;60;149;111;48;2;63;153;116m▅[38;2;61;152;112;48;2;63;153;115m▊[38;2;65;152;114;48;2;63;155;117m▃[38;2;63;152;115;48;2;65;157;115m▖[38;2;69;160;120;48;2;65;156;117m▝[38;2;66;158;116;48;2;68;160;121m▊[38;2;65;157;119m╸[38;2;68;159;121;48;2;71;159;124m▍[38;2;69;161;123;48;2;74;161;124m▆[38;2;72;163;123;48;2;75;163;124m▆[38;2;74;163;125;48;2;78;165;122m▌[38;2;78;163;120;48;2;79;163;124m▖[38;2;80;163;122;48;2;86;166;126m▅[38;2;85;164;124;48;2;91;164;128m▋[38;2;88;164;126;48;2;93;164;129m▄[38;2;104;162;128;48;2;94;163;127m▝[38;2;102;162;129;48;2;110;165;133m▆[38;2;117;162;132;48;2;107;162;130m▝[38;2;114;162;132;48;2;123;159;132m▄[38;2;118;160;132;48;2;131;160;135m▄[38;2;129;158;136;48;2;138;158;139m▄[38;2;137;158;137;48;2;145;157;140m▖[38;2;145;155;138;48;2;153;155;141m▖[38;2;156;154;141;48;2;161;153;142m▃[38;2;161;154;144;48;2;167;154;143m▍[38;2;176;152;146;48;2;171;151;143m┕[38;2;171;151;144;48;2;177;149;144m▖[38;2;184;144;143;48;2;180;146;142m▝[38;2;185;143;141;48;2;189;142;143m▅[38;2;186;138;138;48;2;190;139;139m╸[38;2;190;135;134;48;2;195;137;138m▅[38;2;193;131;134;48;2;195;127;130m▋[38;2;199;123;127;48;2;196;125;130m▝[38;2;193;120;123;48;2;198;121;126m▃[38;2;192;115;117;48;2;193;117;120m▝[38;2;189;107;107;48;2;192;111;111m▝[38;2;192;106;111;48;2;191;105;104m▍[38;2;190;104;106;48;2;189;99;99m▏[38;2;180;90;90;48;2;185;95;94m▗[0m
[38;2;27;65;56;48;2;21;62;51m┒[38;2;20;62;50;48;2;18;59;49m▎[38;2;18;60;49;48;2;16;57;46m┑[38;2;12;54;35;48;2;15;56;43m▝[38;2;12;52;41;48;2;13;54;44m╶[38;2;15;55;42;48;2;12;51;39m┒[38;2;15;52;40;48;2;12;53;39m▁[38;2;12;53;43;48;2;11;51;38m╼[38;2;11;52;41;48;2;10;50;37m┱[38;2;11;51;37;48;2;12;49;39m▖[38;2;7;47;29;48;2;11;49;38m╶[38;2;9;48;33;48;2;10;50;37m▂[38;2;8;49;33;48;2;12;50;36m▖[38;2;13;50;38;48;2;11;50;36m▘[38;2;11;50;32;48;2;13;49;36m╍[38;2;12;48;38;48;2;11;48;34m▂[38;2;13;49;37;48;2;11;47;36m╳[38;2;10;50;34m▖[38;2;12;50;40;48;2;10;48;37m╹[38;2;10;49;30;48;2;11;49;36m╺[38;2;12;49;37;48;2;10;49;38m▖[38;2;9;49;36;48;2;9;48;33m▂[38;2;10;48;34;48;2;10;49;35m▚[38;2;11;48;34;48;2;11;49;37m━[38;2;9;50;35;48;2;11;50;37m▖[38;2;9;50;36;48;2;11;48;34m▋[38;2;11;50;39;48;2;10;49;36m╿[38;2;13;47;37;48;2;9;49;35m━[38;2;10;51;37;48;2;11;49;36m▃[38;2;13;46;31;48;2;11;49;37m─[38;2;12;50;38;48;2;10;49;36m┣[38;2;12;49;41;48;2;10;49;37m┯[38;2;12;48;34;48;2;12;49;37m▖[38;2;11;50;36;48;2;9;50;33m▏[38;2;11;48;35;48;2;10;51;37m▃[38;2;10;47;35;48;2;12;50;38m┻[38;2;13;53;41;48;2;10;48;38m┘[38;2;9;47;35;48;2;11;49;38m┇[38;2;11;50;37;48;2;10;48;35m▇[38;2;14;53;39;48;2;11;51;36m┡[38;2;13;57;39;48;2;15;60;40m▆[38;2;15;59;39;48;2;18;64;43m▆[38;2;13;60;39;48;2;15;64;43m▖[38;2;18;70;46;48;2;16;64;43m▝[38;2;16;70;47;48;2;18;66;45m▝[38;2;16;65;44;48;2;18;71;48m▁[38;2;20;71;48;48;2;22;75;51m▂[38;2;21;79;52;48;2;22;82;54m▇[38;2;25;82;50;48;2;25;84;56m▃[38;2;27;87;56;48;2;28;89;61m━[38;2;31;91;62;48;2;31;97;67m▅[38;2;34;99;69;48;2;35;105;72m▆[38;2;34;102;68;48;2;39;108;73m▂[38;2;36;108;73;48;2;40;113;78m▖[38;2;44;119;86;48;2;42;115;80m▝[38;2;44;116;81;48;2;47;122;88m▂[38;2;51;130;93;48;2;47;125;88m┗[38;2;51;138;97;48;2;50;129;91m▝[38;2;50;133;93;48;2;54;136;96m▖[38;2;55;137;96;48;2;56;140;101m▃[38;2;58;142;101;48;2;59;145;103m▊[38;2;57;143;103;48;2;60;146;107m▄[38;2;58;148;105;48;2;61;149;111m▃[38;2;60;152;114;48;2;61;149;109m▝[38;2;60;153;113;48;2;65;153;115m▃[38;2;67;155;117;48;2;63;152;114m▝[38;2;64;155;117;48;2;65;157;118m▇[38;2;67;158;120;48;2;66;159;115m▃[38;2;66;160;118;48;2;68;160;119m▏[38;2;69;161;124;48;2;67;161;120m▘[38;2;69;162;118;48;2;69;161;122m╸[38;2;70;161;121;48;2;73;161;119m▌[38;2;70;161;120;48;2;76;162;121m▂[38;2;73;164;120;48;2;76;162;123m▖[38;2;73;161;124;48;2;78;163;125m▖[38;2;80;164;127;48;2;84;164;127m▊[38;2;83;164;125;48;2;85;165;126m╸[38;2;90;165;126;48;2;96;163;129m▉[38;2;94;162;124;48;2;100;162;127m▃[38;2;101;162;128;48;2;107;161;131m▆[38;2;104;161;132;48;2;109;163;132m▍[38;2;111;161;131;48;2;119;161;133m▆[38;2;119;161;132;48;2;129;160;136m▆[38;2;124;160;134;48;2;138;160;135m▆[38;2;128;161;136;48;2;143;157;139m▃[38;2;140;157;138;48;2;153;155;140m▄[38;2;147;155;140;48;2;160;154;144m▃[38;2;156;153;140;48;2;169;151;145m▄[38;2;163;150;138;48;2;177;149;143m▄[38;2;170;147;138;48;2;180;145;142m▃[38;2;177;145;139;48;2;185;142;142m▃[38;2;182;138;136;48;2;189;138;138m▂[38;2;188;133;132;48;2;193;130;132m▃[38;2;194;130;131;48;2;193;125;126m▋[38;2;193;125;127;48;2;192;120;122m▖[38;2;192;118;121;48;2;190;114;118m▍[38;2;191;114;116;48;2;190;109;112m▎[38;2;190;106;107;48;2;187;103;101m▍[38;2;190;105;102;48;2;187;98;97m╌[38;2;183;95;92;48;2;182;91;89m▊[0m
[38;2;25;68;62;48;2;26;66;54m▘[38;2;26;63;53;48;2;21;62;52m▄[38;2;23;61;50;48;2;19;58;47m▖[38;2;15;55;43;48;2;16;57;45m╎[38;2;17;53;44;48;2;13;54;43m╺[38;2;11;54;41;48;2;12;53;38m▖[38;2;12;53;38;48;2;14;52;39m▋[38;2;13;50;38;48;2;11;50;35m▌[38;2;11;50;43;48;2;11;50;37m┗[38;2;10;52;37;48;2;11;52;39m┗[38;2;8;46;34;48;2;12;51;39m╾[38;2;12;51;38;48;2;10;51;37m╺[38;2;11;51;36;48;2;14;49;36m▗[38;2;13;51;33;48;2;13;49;39m┃[38;2;12;51;40;48;2;12;48;37m╺[38;2;10;48;36;48;2;12;49;39m▅[38;2;11;48;35;48;2;13;50;40m▇[38;2;12;49;39;48;2;11;48;36m┖[38;2;13;50;39;48;2;11;49;35m┗[38;2;8;48;32;48;2;11;48;36m╻[38;2;12;49;41;48;2;10;49;37m┛[38;2;11;51;38;48;2;9;48;34m▃[38;2;11;50;37;48;2;9;48;35m┻[38;2;11;50;38;48;2;10;49;35m▄[38;2;10;51;38;48;2;12;48;36m▖[38;2;10;48;32;48;2;11;49;38m┛[38;2;8;49;35;48;2;11;50;38m▂[38;2;11;50;37;48;2;10;48;34m▋[38;2;9;48;36;48;2;11;49;38m╏[38;2;12;50;36m▝[38;2;9;48;35;48;2;11;49;37m╆[38;2;12;50;37;48;2;10;48;34m▄[38;2;11;46;35;48;2;11;50;36m▎[38;2;10;51;35;48;2;10;47;35m▄[38;2;8;48;33;48;2;11;50;36m▘[38;2;12;50;38;48;2;9;49;33m▄[38;2;11;50;38;48;2;11;48;34m▅[38;2;10;47;38;48;2;11;49;35m▊[38;2;12;49;34m╵[38;2;13;51;35;48;2;11;51;35m╎[38;2;12;56;38;48;2;11;53;37m▝[38;2;12;56;36;48;2;15;59;40m▌[38;2;20;68;43;48;2;17;63;40m╺[38;2;19;67;44;48;2;13;63;41m▅[38;2;20;69;44;48;2;15;64;43m▄[38;2;20;69;45;48;2;16;67;45m▆[38;2;16;69;46;48;2;19;71;48m╹[38;2;17;71;47;48;2;19;73;49m└[38;2;20;76;49;48;2;22;79;47m▆[38;2;22;78;50;48;2;25;84;57m▅[38;2;25;83;52;48;2;30;89;57m▅[38;2;29;85;56;48;2;32;94;64m▄[38;2;29;93;59;48;2;34;101;66m▄[38;2;34;96;62;48;2;36;105;70m▂[38;2;37;104;65;48;2;40;110;75m▂[38;2;39;113;75;48;2;41;113;76m┍[38;2;46;121;84;48;2;42;115;77m▝[38;2;44;117;80;48;2;49;124;87m▅[38;2;46;123;87;48;2;51;130;91m▅[38;2;50;127;90;48;2;54;133;94m▃[38;2;52;133;92;48;2;56;139;98m▄[38;2;53;138;96;48;2;56;142;101m▄[38;2;55;139;98;48;2;58;143;102m▁[38;2;58;144;103;48;2;60;148;105m▖[38;2;58;149;106;48;2;59;149;108m▃[38;2;59;149;108;48;2;61;151;112m▂[38;2;62;150;113;48;2;63;154;117m▃[38;2;59;153;113;48;2;64;155;116m▃[38;2;63;155;111;48;2;65;158;118m▎[38;2;63;157;117;48;2;66;159;120m▅[38;2;71;164;121;48;2;65;159;119m▝[38;2;66;160;117;48;2;68;161;124m▄[38;2;71;162;125;48;2;66;162;119m▘[38;2;69;161;118;48;2;71;165;124m▊[38;2;74;164;124;48;2;70;162;122m▘[38;2;77;163;122;48;2;72;162;123m▝[38;2;73;163;126;48;2;79;164;125m▂[38;2;79;162;123;48;2;84;165;125m▅[38;2;83;165;125;48;2;88;165;127m▄[38;2;87;162;125;48;2;93;164;126m▂[38;2;92;164;126;48;2;102;165;130m▆[38;2;96;162;126;48;2;104;163;130m▅[38;2;100;163;129;48;2;111;163;132m▄[38;2;107;162;128;48;2;119;163;133m▆[38;2;111;162;128;48;2;121;161;134m▄[38;2;116;161;129;48;2;128;159;136m▃[38;2;126;160;135;48;2;139;160;139m▄[38;2;133;160;136;48;2;145;158;138m▃[38;2;142;157;135;48;2;153;154;137m▃[38;2;150;154;136;48;2;161;150;137m▄[38;2;158;148;134;48;2;167;146;135m▃[38;2;166;141;131;48;2;177;141;136m▆[38;2;169;136;129;48;2;180;134;132m▅[38;2;175;128;125;48;2;183;128;129m▄[38;2;176;123;120;48;2;184;122;122m▃[38;2;179;118;116;48;2;189;119;121m▅[38;2;180;113;112;48;2;188;112;113m▄[38;2;178;106;105;48;2;186;106;105m▃[38;2;183;100;97;48;2;187;98;97m▆[38;2;185;98;96;48;2;181;93;91m─[0m
[38;2;27;64;59;48;2;29;66;56m━[38;2;27;64;53;48;2;22;62;52m▊[38;2;25;63;49;48;2;21;60;48m╿[38;2;17;57;48;48;2;17;58;46m▁[38;2;11;52;41;48;2;15;57;45m▝[38;2;14;54;40;48;2;10;50;36m▇[38;2;8;52;36;48;2;13;53;40m╸[38;2;8;50;35;48;2;11;52;39m╻[38;2;12;50;39;48;2;14;52;37m▚[38;2;13;51;41;48;2;11;51;39m▆[38;2;14;51;41;48;2;12;51;37m▖[38;2;12;51;38;48;2;10;51;36m▅[38;2;13;48;32;48;2;11;50;37m▗[38;2;13;52;46;48;2;11;49;36m╶[38;2;14;50;42;48;2;11;48;36m▖[38;2;14;48;37;48;2;10;50;37m▏[38;2;10;46;30;48;2;11;49;37m╸[38;2;11;49;41;48;2;10;49;35m┒[38;2;12;50;39;48;2;10;49;34m▃[38;2;8;46;33;48;2;11;50;37m╶[38;2;10;50;33;48;2;11;50;38m┛[38;2;8;48;34;48;2;11;50;37m┰[38;2;7;47;31m─[38;2;10;50;38;48;2;8;49;33m▊[38;2;8;49;33;48;2;11;49;36m▎[38;2;12;50;33;48;2;11;50;36m┎[38;2;7;49;33;48;2;10;50;37m▍[38;2;7;49;37;48;2;10;51;36m╼[38;2;9;50;35;48;2;10;48;40m▇[38;2;11;50;35;48;2;11;49;38m▂[38;2;11;49;40;48;2;11;49;36m▄[38;2;12;50;40;48;2;10;49;38m▝[38;2;10;45;33;48;2;11;50;37m╶[38;2;13;47;33;48;2;10;50;37m╴[38;2;10;49;35;48;2;10;51;38m▄[38;2;11;51;37;48;2;8;49;35m▘[38;2;11;47;34;48;2;11;50;36m╲[38;2;12;49;38;48;2;11;48;36m┫[38;2;10;46;38;48;2;10;49;35m╷[38;2;5;47;36;48;2;10;50;37m╷[38;2;10;51;36;48;2;11;52;41m▆[38;2;12;52;37;48;2;12;53;42m▆[38;2;14;56;39;48;2;17;58;39m▄[38;2;18;65;44;48;2;16;62;40m▝[38;2;16;64;39;48;2;21;69;43m▎[38;2;22;72;43;48;2;23;74;46m▅[38;2;26;75;41;48;2;26;79;46m┛[38;2;25;80;45;48;2;23;79;48m▅[38;2;28;83;49;48;2;26;78;49m▃[38;2;30;84;52;48;2;24;80;51m▆[38;2;30;87;54;48;2;25;81;53m▆[38;2;32;90;54;48;2;28;85;54m▄[38;2;35;94;58;48;2;29;91;56m▃[38;2;31;95;60;48;2;35;97;64m▆[38;2;32;100;61;48;2;35;103;65m▌[38;2;37;104;66;48;2;39;109;72m▇[38;2;36;106;67;48;2;42;111;73m▅[38;2;39;105;71;48;2;42;113;79m▃[38;2;42;111;75;48;2;43;117;82m▄[38;2;44;116;79;48;2;45;120;85m▖[38;2;45;122;86;48;2;48;127;88m▄[38;2;48;127;88;48;2;52;134;92m▄[38;2;53;130;92;48;2;54;139;97m▄[38;2;53;137;96;48;2;59;141;102m▄[38;2;57;147;106;48;2;57;142;103m▝[38;2;57;145;103;48;2;62;146;109m▃[38;2;58;147;105;48;2;61;149;111m▖[38;2;64;155;111;48;2;62;151;111m╶[38;2;63;151;110;48;2;62;154;115m▃[38;2;61;154;114;48;2;64;155;116m▎[38;2;62;153;113;48;2;65;155;116m╻[38;2;69;161;123;48;2;65;157;118m┆[38;2;62;157;117;48;2;66;158;119m╎[38;2;67;160;120;48;2;71;159;123m▋[38;2;67;158;119;48;2;68;160;123m▃[38;2;68;158;122;48;2;70;161;124m╏[38;2;72;159;122;48;2;68;162;124m▂[38;2;76;164;123;48;2;73;162;123m▝[38;2;72;161;122;48;2;75;166;123m▄[38;2;72;164;119;48;2;82;162;125m▅[38;2;75;163;124;48;2;86;163;124m▄[38;2;82;163;123;48;2;90;165;126m▆[38;2;81;165;124;48;2;91;165;127m▄[38;2;88;164;126;48;2;98;164;129m▅[38;2;90;161;126;48;2;103;163;129m▃[38;2;96;163;126;48;2;110;163;131m▃[38;2;106;162;127;48;2;118;161;131m▄[38;2;111;160;128;48;2;125;161;132m▄[38;2;119;158;127;48;2;131;156;129m▖[38;2;129;152;125;48;2;139;154;132m▅[38;2;133;147;124;48;2;144;150;130m▄[38;2;141;142;122;48;2;154;143;128m▅[38;2;144;140;118;48;2;160;138;125m▄[38;2;149;133;116;48;2;166;132;123m▄[38;2;157;128;115;48;2;170;125;117m▄[38;2;159;121;107;48;2;172;120;111m▄[38;2;161;119;104;48;2;175;114;108m▄[38;2;166;111;102;48;2;175;108;101m▄[38;2;167;105;98;48;2;175;103;96m▃[38;2;170;100;92;48;2;178;94;89m▅[0m
[38;2;33;71;62;48;2;30;68;58m▆[38;2;30;67;58;48;2;25;63;51m▅[38;2;26;63;55;48;2;25;62;50m▄[38;2;22;63;52;48;2;21;59;49m▃[38;2;20;60;49;48;2;16;57;45m▍[38;2;16;53;41;48;2;17;56;44m╺[38;2;14;55;42;48;2;12;53;42m▆[38;2;14;56;43;48;2;12;52;41m┛[38;2;16;55;44;48;2;13;52;41m▁[38;2;16;52;40;48;2;12;51;38m▖[38;2;14;52;40;48;2;13;51;38m▂[38;2;12;49;34;48;2;12;50;37m▗[38;2;11;51;36;48;2;13;51;42m▊[38;2;11;50;39;48;2;10;51;32m▆[38;2;11;49;39;48;2;12;50;35m▆[38;2;12;51;39;48;2;12;48;35m▎[38;2;9;47;34;48;2;11;49;36m╵[38;2;10;48;35;48;2;12;49;37m▁[38;2;13;49;39;48;2;11;48;37m┚[38;2;12;50;36;48;2;11;51;33m▄[38;2;12;50;37;48;2;10;49;36m▚[38;2;10;48;36;48;2;12;50;40m▄[38;2;11;49;38;48;2;11;50;35m▇[38;2;7;48;32;48;2;10;50;37m├[38;2;9;48;34;48;2;11;50;36m╍[38;2;13;50;38;48;2;10;49;36m┒[38;2;10;48;35;48;2;13;48;36m┣[38;2;14;51;37;48;2;11;48;34m╏[38;2;10;47;35;48;2;12;48;38m▃[38;2;10;48;36;48;2;10;47;40m▆[38;2;12;49;36;48;2;10;47;34m┣[38;2;9;48;33;48;2;11;49;37m▏[38;2;11;49;40;48;2;9;47;36m╺[38;2;10;50;34;48;2;10;50;36m▋[38;2;12;50;39;48;2;11;49;37m▖[38;2;11;51;39;48;2;9;50;35m┺[38;2;11;52;38;48;2;11;49;36m▏[38;2;9;50;37;48;2;10;48;34m▄[38;2;10;48;35;48;2;12;50;38m▍[38;2;11;51;41;48;2;10;49;37m╹[38;2;9;49;34;48;2;10;52;37m▅[38;2;9;51;36;48;2;12;52;38m▌[38;2;11;51;37;48;2;11;54;35m▊[38;2;18;59;40;48;2;12;55;36m▝[38;2;13;58;37;48;2;17;62;39m▖[38;2;23;72;45;48;2;18;67;39m▝[38;2;23;72;42;48;2;27;78;45m▋[38;2;25;79;41;48;2;28;83;45m▖[38;2;28;83;41;48;2;32;87;47m▖[38;2;36;89;49;48;2;31;87;47m▅[38;2;36;93;51;48;2;32;88;49m▅[38;2;39;96;53;48;2;35;92;54m▄[38;2;35;94;54;48;2;39;99;53m▘[38;2;37;98;56;48;2;41;102;58m┻[38;2;39;105;55;48;2;40;105;60m▖[38;2;39;107;67;48;2;40;106;60m▝[38;2;43;110;65;48;2;36;110;68m▆[38;2;46;115;66;48;2;43;110;71m▁[38;2;44;112;72;48;2;41;109;72m▃[38;2;45;110;75;48;2;42;112;75m╴[38;2;42;114;76;48;2;43;118;81m▄[38;2;43;117;81;48;2;45;121;86m▅[38;2;48;123;85;48;2;50;127;92m▆[38;2;50;126;87;48;2;54;131;92m▃[38;2;51;132;92;48;2;55;137;98m▄[38;2;54;136;95;48;2;56;141;101m▃[38;2;55;139;98;48;2;60;144;103m▃[38;2;58;141;104;48;2;63;146;109m▄[38;2;61;147;105;48;2;62;148;113m▆[38;2;63;149;107;48;2;64;152;115m▆[38;2;62;151;111;48;2;65;154;112m▂[38;2;63;155;113;48;2;65;157;115m▄[38;2;64;157;117;48;2;63;155;117m┚[38;2;64;159;116;48;2;66;158;119m▝[38;2;63;159;114;48;2;66;160;118m┿[38;2;64;159;119;48;2;66;161;120m┏[38;2;66;162;121;48;2;68;162;116m▆[38;2;71;161;121;48;2;70;162;124m┯[38;2;66;164;122;48;2;68;162;122m▗[38;2;69;163;122m╱[48;2;70;162;125m [38;2;73;163;124;48;2;73;163;123m╷[38;2;73;162;119;48;2;74;164;123m╶[38;2;74;162;122;48;2;76;163;121m┒[38;2;76;163;122;48;2;83;164;124m▅[38;2;78;163;121;48;2;88;165;126m▆[38;2;82;163;122;48;2;91;163;126m▅[38;2;84;162;122;48;2;96;163;127m▄[38;2;88;163;122;48;2;103;162;125m▄[38;2;92;162;121;48;2;109;159;123m▄[38;2;100;160;120;48;2;124;152;123m▆[38;2;100;161;120;48;2;123;149;120m▄[38;2;103;159;119;48;2;131;143;116m▄[38;2;108;155;117;48;2;138;139;113m▄[38;2;114;152;113;48;2;142;135;107m▄[38;2;114;152;110;48;2;143;131;107m▃[38;2;120;145;106;48;2;147;126;102m▃[38;2;125;139;102;48;2;148;122;99m▃[38;2;129;134;101;48;2;151;115;98m▃[38;2;132;127;97;48;2;156;109;91m▃[0m
[38;2;43;80;72;48;2;38;75;65m▅[38;2;37;74;63;48;2;33;68;61m▅[38;2;33;71;62;48;2;29;65;58m▃[38;2;31;68;60;48;2;26;63;54m▂[38;2;26;66;56;48;2;23;62;50m▃[38;2;25;63;52;48;2;18;59;46m▅[38;2;21;61;52;48;2;18;57;47m▂[38;2;13;54;43;48;2;15;56;46m╹[38;2;16;55;43;48;2;14;53;42m┑[38;2;14;55;43;48;2;13;52;41m┌[38;2;13;52;37;48;2;14;53;40m▍[38;2;12;51;41;48;2;12;51;38m┗[38;2;13;51;39;48;2;10;51;38m▗[38;2;12;53;42;48;2;12;50;40m╹[38;2;10;51;35;48;2;12;51;39m▃[38;2;12;50;37;48;2;12;49;37m▂[38;2;13;51;38;48;2;11;50;37m┨[38;2;11;53;39m┌[38;2;12;47;36;48;2;12;50;38m▝[38;2;8;50;36;48;2;12;49;36m▝[38;2;11;49;35;48;2;12;48;37m▃[38;2;10;51;41;48;2;11;49;36m▝[38;2;8;46;35m╌[38;2;8;49;36;48;2;12;49;37m▌[38;2;12;49;37;48;2;11;48;35m┙[38;2;9;48;35;48;2;11;49;36m┝[38;2;13;49;37;48;2;10;48;35m▝[38;2;7;48;34;48;2;10;49;36m▗[38;2;11;50;37;48;2;10;50;36m┹[38;2;11;49;36;48;2;13;49;39m▉[38;2;15;50;38;48;2;11;50;36m▃[38;2;13;50;38;48;2;10;49;34m▄[38;2;10;49;34;48;2;10;50;37m╃[38;2;8;51;41;48;2;9;48;36m╺[38;2;8;45;34;48;2;9;49;35m╴[38;2;9;47;38;48;2;10;48;35m╹[38;2;10;49;38;48;2;10;50;40m▉[38;2;11;48;40;48;2;10;48;37m╴[38;2;8;48;36;48;2;10;49;37m▝[38;2;9;49;35;48;2;11;50;37m▖[38;2;9;48;35;48;2;11;49;37m┷[38;2;10;49;34;48;2;11;50;37m▂[38;2;12;48;40;48;2;11;49;37m┓[38;2;12;52;37;48;2;9;51;33m▊[38;2;10;51;38;48;2;15;55;38m▖[38;2;19;64;39;48;2;16;58;36m▝[38;2;24;71;39;48;2;19;65;39m▝[38;2;22;71;39;48;2;25;75;40m▄[38;2;27;74;39;48;2;30;81;42m▂[38;2;30;83;43;48;2;35;90;47m▃[38;2;35;91;46;48;2;37;95;50m▍[38;2;44;103;55;48;2;40;99;51m╺[38;2;48;108;55;48;2;43;103;52m▗[38;2;51;111;55;48;2;44;105;55m▃[38;2;52;114;58;48;2;45;109;57m▃[38;2;49;113;62;48;2;49;112;58m╿[38;2;50;118;66;48;2;49;115;61m▝[38;2;53;122;65;48;2;50;118;63m┏[38;2;53;122;67;48;2;48;117;69m▄[38;2;52;121;68;48;2;45;117;71m▅[38;2;45;118;73;48;2;50;121;74m▘[38;2;50;122;78;48;2;45;114;75m▅[38;2;50;125;80;48;2;45;118;79m▁[38;2;47;118;80;48;2;47;123;84m▖[38;2;48;131;89;48;2;47;125;84m▝[38;2;50;126;87;48;2;50;131;91m▂[38;2;51;138;96;48;2;53;132;94m▝[38;2;53;134;94;48;2;56;138;99m▁[38;2;56;138;98;48;2;60;142;102m▄[38;2;58;140;100;48;2;61;146;106m▃[38;2;61;144;104;48;2;62;149;110m▃[38;2;61;149;109;48;2;62;154;114m▅[38;2;63;151;110;48;2;64;154;115m▆[38;2;64;155;117;48;2;62;153;112m▝[38;2;69;158;119;48;2;64;156;116m╍[38;2;63;157;117;48;2;67;155;118m▌[38;2;63;155;116;48;2;66;159;119m╸[38;2;67;163;123;48;2;65;159;119m▝[38;2;67;161;125;48;2;67;161;121m╺[38;2;71;163;121;48;2;67;161;122m▚[38;2;66;163;119;48;2;69;161;121m▖[38;2;68;162;121;48;2;70;163;122m┨[38;2;71;160;123;48;2;72;163;124m┓[38;2;70;163;119;48;2;72;165;121m┒[38;2;73;166;123;48;2;72;163;120m▍[38;2;70;163;118;48;2;73;164;121m┎[38;2;71;162;119;48;2;74;164;120m▂[38;2;71;162;117;48;2;75;163;120m▖[38;2;76;163;119;48;2;83;162;122m▆[38;2;78;161;117;48;2;86;162;121m▆[38;2;79;163;115;48;2;84;161;116m▃[38;2;78;163;114;48;2;89;162;117m▅[38;2;80;162;116;48;2;90;161;116m▄[38;2;82;158;114;48;2;93;161;116m▃[38;2;87;161;114;48;2;99;159;118m▅[38;2;89;159;112;48;2;100;157;113m▆[38;2;89;159;111m▃[38;2;94;158;111;48;2;109;151;106m▆[38;2;96;157;106;48;2;117;145;106m▆[38;2;96;154;103;48;2;119;138;100m▆[0m
[38;2;49;80;75;48;2;44;81;73m▎[38;2;38;76;63;48;2;43;77;68m▝[38;2;39;75;61;48;2;34;73;60m▖[38;2;29;70;57;48;2;33;69;61m╸[38;2;30;70;60;48;2;27;68;58m▍[38;2;28;67;58;48;2;23;66;54m▆[38;2;25;68;56;48;2;25;64;52m▁[38;2;23;61;51;48;2;18;59;48m▅[38;2;20;59;48;48;2;14;54;42m▆[38;2;16;57;46;48;2;12;53;40m▅[38;2;15;57;45;48;2;13;52;41m▂[38;2;13;55;42;48;2;12;53;39m▂[38;2;11;50;40;48;2;12;52;41m╹[38;2;13;52;35;48;2;12;50;38m▎[38;2;13;51;38;48;2;11;49;36m▚[38;2;13;52;39;48;2;12;50;37m▎[38;2;11;48;36;48;2;14;51;39m╻[38;2;8;49;35;48;2;11;49;36m╺[38;2;8;48;35;48;2;12;50;38m╴[38;2;12;50;37;48;2;12;51;38m▍[38;2;12;51;38;48;2;11;49;36m━[38;2;8;48;33m┏[38;2;11;49;41;48;2;12;48;38m┎[38;2;13;51;38;48;2;11;49;35m┓[38;2;9;49;32;48;2;11;50;36m┐[38;2;12;49;36;48;2;10;46;33m▅[38;2;10;50;36;48;2;13;49;37m▆[38;2;9;48;34;48;2;10;50;37m┏[38;2;8;49;35;48;2;11;50;38m▖[38;2;11;48;35;48;2;13;51;38m▄[38;2;7;46;33;48;2;10;49;35m╺[38;2;13;50;39;48;2;9;49;36m▗[38;2;12;51;38;48;2;10;48;35m┃[38;2;13;50;38;48;2;9;48;35m┓[38;2;7;49;35;48;2;10;49;37m▘[38;2;9;49;32;48;2;10;49;38m▁[38;2;12;48;37;48;2;6;48;34m▆[38;2;12;48;36;48;2;9;50;35m┓[38;2;9;51;38;48;2;10;50;35m▁[38;2;10;49;38;48;2;10;49;34m▘[38;2;11;49;34;48;2;11;49;37m▌[38;2;12;50;37;48;2;10;48;34m▎[38;2;13;50;39;48;2;11;49;33m▁[38;2;10;49;36;48;2;11;50;37m▝[38;2;12;53;39;48;2;9;52;36m▝[38;2;11;51;35;48;2;14;57;37m▖[38;2;17;65;40;48;2;14;61;37m▝[38;2;18;63;36;48;2;20;69;38m▆[38;2;22;68;37;48;2;26;72;41m▃[38;2;26;73;39;48;2;30;80;42m▂[38;2;32;83;43;48;2;32;89;45m▅[38;2;36;87;43;48;2;39;93;46m▖[38;2;45;103;54;48;2;41;96;48m▝[38;2;45;104;49;48;2;50;110;56m▆[38;2;48;109;53;48;2;53;114;57m▖[38;2;53;116;56;48;2;55;120;57m▎[38;2;60;127;59;48;2;53;120;59m▆[38;2;61;132;63;48;2;53;123;60m▆[38;2;61;134;64;48;2;56;127;65m▄[38;2;58;130;66;48;2;61;132;68m┛[38;2;62;133;69;48;2;55;125;69m▅[38;2;60;132;71;48;2;52;125;74m▅[38;2;58;134;77;48;2;51;125;75m▃[38;2;55;131;78;48;2;49;124;78m▃[38;2;53;130;79;48;2;48;124;80m▂[38;2;55;126;82;48;2;48;125;82m▂[38;2;50;126;83;48;2;50;130;88m▃[38;2;52;134;93;48;2;50;131;88m▝[38;2;53;134;91;48;2;53;137;95m▖[38;2;53;138;94;48;2;56;142;100m▆[38;2;59;145;103;48;2;56;142;99m╏[38;2;56;142;100;48;2;60;146;105m▄[38;2;59;146;103;48;2;61;149;106m▖[38;2;63;152;109;48;2;61;148;106m▝[38;2;60;148;105;48;2;64;153;111m▖[38;2;63;153;111;48;2;65;156;116m▅[38;2;63;156;113;48;2;66;157;119m▆[38;2;62;155;115;48;2;65;159;119m▅[38;2;64;157;112;48;2;66;159;120m▁[38;2;66;157;113;48;2;69;160;119m┰[38;2;67;159;113;48;2;70;161;118m▂[38;2;67;160;116;48;2;71;161;119m▁[38;2;70;163;117;48;2;68;162;122m▆[38;2;70;162;117;48;2;71;163;119m▄[38;2;71;163;118;48;2;67;161;117m▂[38;2;70;161;115;48;2;72;163;118m┫[38;2;72;162;117;48;2;72;164;120m▄[38;2;70;162;115;48;2;72;164;119m▂[38;2;75;164;120;48;2;71;164;116m▘[38;2;74;165;119m┚[38;2;72;163;115;48;2;76;164;116m▇[38;2;73;162;113;48;2;74;163;115m╆[38;2;73;162;115;48;2;76;163;117m▖[38;2;75;163;117;48;2;75;160;113m▄[38;2;74;161;110;48;2;78;159;113m▅[38;2;74;161;109;48;2;80;160;110m▆[38;2;71;157;105;48;2;79;161;111m▁[38;2;71;153;106;48;2;80;159;111m▂[38;2;74;156;105;48;2;86;159;107m▅[38;2;73;151;99;48;2;85;156;103m▅[0m
[38;2;50;87;77;48;2;48;83;73m▍[38;2;43;80;71;48;2;42;78;68m▍[38;2;42;76;68;48;2;37;74;64m╸[38;2;35;72;62;48;2;31;69;60m▊[38;2;29;67;57;48;2;31;69;61m▝[38;2;29;70;58;48;2;27;67;56m▖[38;2;26;66;55;48;2;23;63;52m▉[38;2;24;67;54m━[38;2;23;63;53;48;2;21;61;51m╋[38;2;19;59;48;48;2;17;58;46m▚[38;2;17;58;47;48;2;15;56;43m▎[38;2;15;56;43;48;2;12;53;43m▌[38;2;14;54;43;48;2;13;53;41m▋[38;2;13;52;39;48;2;14;52;40m┎[38;2;12;51;38;48;2;13;52;40m▆[38;2;13;51;41;48;2;11;52;38m▖[38;2;12;48;36;48;2;12;50;39m▂[38;2;12;49;33;48;2;12;50;36m┵[38;2;12;50;34;48;2;11;48;39m▏[38;2;11;51;36;48;2;10;50;36m┈[38;2;13;51;38;48;2;11;50;37m┃[38;2;10;49;39;48;2;10;50;36m╹[38;2;13;50;39;48;2;9;49;35m▁[38;2;9;47;35;48;2;12;48;38m┍[38;2;14;51;35;48;2;11;48;34m╹[38;2;12;49;37;48;2;8;49;33m▆[38;2;9;49;35;48;2;10;51;36m▄[38;2;11;49;38;48;2;11;47;34m▝[38;2;11;50;33;48;2;11;49;38m▘[38;2;11;49;36;48;2;13;51;38m▅[48;2;8;49;33m▇[38;2;11;49;33;48;2;11;48;36m▎[38;2;12;48;40;48;2;12;48;37m━[38;2;11;50;37;48;2;10;48;34m▚[38;2;11;49;36;48;2;10;48;35m▊[38;2;9;48;34;48;2;10;49;37m▏[38;2;8;47;32;48;2;11;49;36m╻[38;2;7;46;37;48;2;9;48;37m╶[38;2;8;54;39;48;2;10;49;37m╹[38;2;11;50;36;48;2;9;49;36m▍[38;2;12;49;38;48;2;10;48;35m▄[38;2;10;47;35;48;2;12;48;37m┊[38;2;11;47;36;48;2;13;49;38m▂[38;2;10;47;34;48;2;12;49;37m┎[38;2;13;50;38;48;2;10;49;36m┖[38;2;13;49;37;48;2;14;53;39m▅[38;2;11;49;35;48;2;13;54;36m▖[38;2;14;57;35;48;2;17;61;34m▌[38;2;15;60;38;48;2;20;65;38m▃[38;2;19;64;36;48;2;24;70;39m▖[38;2;25;73;38;48;2;29;79;39m▄[38;2;31;81;39;48;2;33;85;42m▌[38;2;42;94;46;48;2;36;89;43m▝[38;2;41;94;45;48;2;43;99;47m▃[38;2;43;99;47;48;2;48;107;50m▖[38;2;52;116;52;48;2;51;111;51m▝[38;2;56;117;52;48;2;58;122;56m▄[38;2;64;131;61;48;2;59;126;57m▝[38;2;64;131;59;48;2;66;136;64m▂[38;2;68;139;66;48;2;70;142;70m▅[38;2;74;145;69;48;2;71;142;68m▗[38;2;73;146;72;48;2;65;139;72m▆[38;2;71;145;74;48;2;60;137;76m▆[38;2;67;146;77;48;2;61;136;79m▅[38;2;67;145;80;48;2;58;137;81m▄[38;2;63;145;82;48;2;57;134;81m▃[38;2;63;141;86;48;2;54;132;84m▄[38;2;62;143;86;48;2;53;132;85m▂[38;2;55;135;84;48;2;53;131;88m▅[38;2;53;135;88;48;2;55;138;91m▆[38;2;54;134;88;48;2;57;138;94m▃[38;2;57;139;96;48;2;59;141;102m▅[38;2;56;143;97;48;2;57;145;102m▃[38;2;57;146;99;48;2;61;147;105m▖[38;2;63;148;107;48;2;61;149;105m▂[38;2;62;153;112;48;2;61;149;107m▝[38;2;62;154;111;48;2;62;152;107m▍[38;2;64;155;113;48;2;62;155;110m▝[38;2;65;155;110;48;2;65;157;113m▆[38;2;63;155;110;48;2;66;157;114m▂[38;2;64;157;111;48;2;69;160;116m▆[38;2;66;157;113;48;2;66;160;116m▍[38;2;70;160;117;48;2;68;159;115m╵[38;2;70;157;115;48;2;70;162;115m▃[38;2;67;157;113m▂[38;2;69;160;114;48;2;73;162;116m▁[38;2;70;161;114;48;2;73;160;115m▖[38;2;71;161;112;48;2;71;163;117m▆[38;2;73;157;110;48;2;72;162;115m▃[38;2;71;158;110;48;2;72;162;113m▂[38;2;66;151;105;48;2;71;162;113m▁[38;2;67;151;104;48;2;74;160;111m▂[38;2;68;150;104;48;2;71;159;110m▂[38;2;64;147;100;48;2;72;159;108m▂[38;2;65;149;100;48;2;72;159;110m▄[38;2;64;148;100;48;2;72;159;109m▅[38;2;62;143;99;48;2;67;154;105m▄[38;2;56;135;89;48;2;64;146;101m▂[38;2;59;137;93;48;2;63;145;99m▄[38;2;51;128;88;48;2;62;140;94m▂[0m
[38;2;56;90;83;48;2;50;87;75m▖[38;2;50;85;72;48;2;45;81;70m▖[38;2;43;79;67;48;2;38;76;66m▏[38;2;35;74;63;48;2;31;71;60m▍[38;2;31;70;60;48;2;29;68;57m▊[38;2;31;69;58;48;2;28;68;57m▆[38;2;26;65;53;48;2;28;67;57m▝[38;2;24;62;53;48;2;26;65;55m╿[38;2;23;65;54;48;2;23;64;50m▅[38;2;22;63;52;48;2;21;62;51m┒[38;2;19;60;49;48;2;18;58;44m▌[38;2;18;57;49;48;2;15;54;46m▋[38;2;17;55;43;48;2;12;53;42m▅[38;2;14;54;44;48;2;12;52;42m▌[38;2;12;52;41;48;2;13;53;38m▎[38;2;15;51;41;48;2;11;52;38m▂[38;2;13;51;44;48;2;13;51;38m━[38;2;12;46;35;48;2;12;50;38m▁[38;2;13;52;38;48;2;12;51;37m╳[38;2;14;50;40;48;2;12;49;38m▄[38;2;10;49;36;48;2;12;50;38m╻[38;2;9;47;31;48;2;12;49;36m╹[38;2;13;50;38;48;2;11;47;37m▁[38;2;14;48;37;48;2;11;48;37m┮[38;2;13;47;37;48;2;9;50;35m╸[38;2;14;48;37;48;2;11;48;36m▝[38;2;10;49;36;48;2;13;49;37m╎[38;2;9;49;32;48;2;12;50;35m┲[38;2;12;48;40;48;2;11;48;38m┌[38;2;13;50;37;48;2;11;48;35m╇[38;2;10;48;35;48;2;11;49;37m╼[38;2;7;49;35;48;2;10;48;36m╺[38;2;10;50;37;48;2;9;49;35m▚[38;2;11;50;39;48;2;11;49;34m▁[38;2;12;50;39;48;2;10;48;35m╸[38;2;11;50;33;48;2;11;49;36m▏[38;2;10;49;36;48;2;11;49;39m▆[38;2;10;49;33;48;2;11;49;37m╿[38;2;11;49;34;48;2;10;48;40m▅[38;2;10;49;35;48;2;8;49;37m▌[38;2;10;49;34;48;2;12;48;37m▆[38;2;13;50;38;48;2;10;48;36m━[38;2;11;50;39;48;2;9;48;36m▁[38;2;12;51;38;48;2;9;50;37m▁[38;2;11;53;38;48;2;9;49;36m▖[38;2;12;50;38;48;2;10;48;35m▖[38;2;11;49;33;48;2;11;51;37m▁[38;2;11;50;38;48;2;13;53;35m▃[38;2;14;57;38;48;2;12;55;35m┦[38;2;15;56;37;48;2;17;61;34m▃[38;2;18;61;37;48;2;21;66;38m▏[38;2;23;70;38;48;2;28;74;40m▃[38;2;29;79;39;48;2;35;82;43m▄[38;2;35;83;40;48;2;39;90;44m▄[38;2;37;91;45;48;2;42;98;48m▅[38;2;51;107;52;48;2;44;100;48m▝[38;2;46;103;48;48;2;52;111;52m▖[38;2;53;115;49;48;2;57;121;53m▄[38;2;65;132;58;48;2;59;122;52m▝[38;2;64;129;55;48;2;68;136;61m▄[38;2;68;137;59;48;2;71;141;64m▖[38;2;70;142;63;48;2;73;146;69m▅[38;2;76;146;69;48;2;76;150;73m▃[38;2;77;150;71;48;2;75;153;78m▄[38;2;77;155;79;48;2;74;152;75m━[38;2;75;153;80;48;2;69;147;80m▅[38;2;73;154;84;48;2;65;145;80m▅[38;2;74;155;87;48;2;67;147;85m▃[38;2;70;151;85;48;2;62;141;85m▄[38;2;69;149;86;48;2;62;141;89m▃[38;2;67;147;90;48;2;60;139;90m▃[38;2;61;144;90;48;2;56;139;91m▄[38;2;59;143;93;48;2;55;138;95m▄[38;2;62;145;99;48;2;58;141;99m▂[38;2;59;142;101;48;2;60;144;101m▝[38;2;58;143;101;48;2;59;146;104m╸[38;2;61;148;108;48;2;64;150;109m▍[38;2;62;152;109;48;2;63;151;109m╵[38;2;66;155;112;48;2;62;152;109m╹[38;2;63;156;112;48;2;64;154;111m▂[38;2;66;155;113;48;2;63;155;112m▚[38;2;62;153;110;48;2;65;157;112m▁[38;2;63;154;110;48;2;67;158;112m▏[38;2;67;161;114;48;2;67;158;113m┕[38;2;68;160;114;48;2;67;158;114m╍[38;2;66;158;113;48;2;68;159;115m▗[38;2;69;160;115;48;2;67;157;112m▎[38;2;65;152;109;48;2;67;154;111m▅[38;2;61;148;106;48;2;67;152;107m▆[38;2;60;143;101;48;2;66;153;106m▇[38;2;56;137;96;48;2;60;145;99m▆[38;2;52;128;91;48;2;58;138;96m▄[38;2;50;126;88;48;2;59;137;94m▅[38;2;47;121;86;48;2;57;134;93m▅[38;2;47;116;81;48;2;55;131;90m▄[38;2;46;113;80;48;2;57;130;91m▅[38;2;42;109;76;48;2;52;126;87m▄[38;2;40;107;76;48;2;51;125;88m▄[38;2;42;108;78;48;2;50;121;83m▄[38;2;40;106;73;48;2;47;119;83m▄[0m
[38;2;66;99;87;48;2;60;93;82m▅[38;2;60;94;83;48;2;53;87;79m▖[38;2;50;86;77;48;2;44;80;71m▖[38;2;41;77;68;48;2;36;74;65m▅[38;2;33;73;63;48;2;31;70;60m▅[38;2;32;70;58;48;2;28;67;58m▊[38;2;25;66;57;48;2;29;69;58m▝[38;2;28;67;56;48;2;24;65;55m▆[38;2;26;66;55;48;2;23;63;53m┙[38;2;23;64;52;48;2;21;62;50m▇[38;2;22;63;50;48;2;21;61;46m▋[38;2;18;59;45;48;2;19;59;46m┌[38;2;17;57;44;48;2;16;54;42m▇[38;2;14;54;41;48;2;15;56;44m▗[38;2;15;55;43;48;2;14;53;40m▆[38;2;15;54;41;48;2;12;52;41m▖[38;2;13;51;39;48;2;13;50;42m▃[38;2;13;52;39;48;2;13;51;39m╹[38;2;12;50;36;48;2;14;50;38m▄[38;2;11;51;37;48;2;11;49;36m▗[38;2;12;51;36;48;2;10;48;35m▇[38;2;12;49;35;48;2;10;50;36m▘[38;2;14;51;39;48;2;13;49;37m╴[38;2;13;52;41;48;2;11;50;37m╍[38;2;11;50;44;48;2;10;50;37m╴[38;2;10;47;35;48;2;13;50;38m▘[38;2;11;51;37;48;2;11;50;36m▗[38;2;12;50;38;48;2;10;50;34m▄[38;2;12;50;37;48;2;12;49;34m▅[38;2;12;50;32;48;2;12;49;37m▘[38;2;8;49;35;48;2;12;50;37m▗[38;2;11;51;35;48;2;12;49;37m╴[38;2;11;50;38;48;2;11;48;36m▍[48;2;10;47;36m▋[38;2;13;48;38;48;2;10;49;36m▏[38;2;12;49;37;48;2;10;47;35m▅[38;2;13;51;39;48;2;11;48;36m╺[38;2;13;50;38;48;2;10;49;36m╼[38;2;12;50;36;48;2;10;49;35m┳[38;2;11;50;35;48;2;9;48;33m▊[38;2;11;49;36;48;2;10;49;35m▂[38;2;12;49;37;48;2;11;48;36m╸[38;2;9;48;35;48;2;10;48;39m▃[38;2;12;50;33;48;2;11;48;36m╿[38;2;11;51;38;48;2;10;49;36m▖[38;2;10;48;34;48;2;11;49;36m╏[38;2;10;48;33;48;2;11;49;38m▘[38;2;13;51;38;48;2;11;49;36m▂[38;2;14;52;34;48;2;10;49;34m┚[38;2;11;51;34;48;2;15;54;37m▄[38;2;15;54;33;48;2;15;60;35m▂[38;2;15;60;31;48;2;19;63;34m┎[38;2;27;73;35;48;2;22;67;34m▝[38;2;26;72;37;48;2;32;80;39m▅[38;2;32;80;38;48;2;38;89;42m▅[38;2;34;86;39;48;2;42;94;43m▖[38;2;41;95;42;48;2;46;100;46m▃[38;2;44;101;46;48;2;50;108;49m▖[38;2;50;110;50;48;2;56;116;54m▃[38;2;55;115;51;48;2;60;122;54m▖[38;2;68;134;57;48;2;64;127;55m▝[38;2;68;132;56;48;2;71;139;60m▄[38;2;73;139;60;48;2;75;144;64m▅[38;2;75;145;59;48;2;72;146;65m▂[38;2;74;148;68;48;2;77;151;70m▌[38;2;77;151;71;48;2;79;153;77m▆[38;2;77;155;73;48;2;76;156;81m▄[38;2;79;156;77;48;2;75;158;83m▄[38;2;77;155;80;48;2;75;157;85m▄[38;2;77;156;82;48;2;75;156;87m▄[38;2;75;157;81;48;2;74;156;88m▃[38;2;74;157;88;48;2;68;151;91m▇[38;2;73;157;92;48;2;66;152;92m▄[38;2;70;155;96;48;2;63;147;96m▆[38;2;69;153;97;48;2;61;145;99m▅[38;2;67;152;100;48;2;59;144;101m▅[38;2;69;154;103;48;2;60;145;102m▂[38;2;66;152;105;48;2;61;147;104m▂[38;2;63;150;104;48;2;64;154;110m▆[38;2;64;149;105;48;2;60;152;108m▂[38;2;63;154;107;48;2;64;154;113m▆[38;2;63;155;108;48;2;63;155;112m▅[38;2;66;157;112;48;2;64;154;110m╸[38;2;66;155;111;48;2;67;158;114m▍[38;2;66;160;113;48;2;67;159;114m╶[38;2;70;159;112;48;2;66;158;112m▗[38;2;68;160;113;48;2;67;157;110m▘[38;2;65;155;110;48;2;62;151;106m▋[38;2;65;151;105;48;2;58;146;103m▃[38;2;58;144;100;48;2;58;140;100m▁[38;2;54;135;97;48;2;53;132;95m▌[38;2;52;128;94;48;2;50;125;89m▍[38;2;51;123;91;48;2;46;120;86m▘[38;2;41;113;81;48;2;45;116;85m▝[38;2;41;106;80;48;2;43;111;81m╺[38;2;42;108;80;48;2;38;103;75m▂[38;2;38;104;76;48;2;35;101;67m▅[38;2;39;106;74;48;2;36;100;71m▁[38;2;35;100;71;48;2;37;101;74m▝[38;2;37;101;71;48;2;34;97;69m▋[0m
[38;2;78;105;92;48;2;73;103;88m▃[38;2;61;92;82;48;2;68;98;86m▝[38;2;50;86;77;48;2;59;90;81m▝[38;2;51;85;75;48;2;44;82;71m▖[38;2;34;75;65;48;2;40;78;68m▝[38;2;39;76;66;48;2;33;71;61m▖[38;2;33;72;61;48;2;30;70;60m▏[38;2;29;68;58;48;2;29;66;56m▌[38;2;32;68;60;48;2;27;66;56m┌[38;2;26;68;55;48;2;23;66;52m┐[38;2;24;62;53;48;2;22;63;48m▆[38;2;23;63;54;48;2;20;61;47m▃[38;2;19;59;50;48;2;18;59;44m▃[38;2;16;58;46;48;2;15;56;43m▇[38;2;13;54;44;48;2;13;54;41m▋[38;2;11;51;40;48;2;13;54;42m┏[38;2;12;52;37;48;2;13;53;41m┣[38;2;14;52;39;48;2;12;51;38m─[38;2;10;48;39;48;2;11;50;39m▁[38;2;12;51;39;48;2;12;48;36m▆[38;2;11;48;39;48;2;13;49;39m▄[38;2;11;51;40;48;2;11;50;36m▄[38;2;13;51;40;48;2;12;50;38m┗[38;2;11;52;39;48;2;9;49;36m▚[38;2;10;48;36;48;2;11;50;37m╷[38;2;13;50;37;48;2;14;50;38m▊[38;2;10;49;36;48;2;11;50;37m▝[38;2;11;49;36;48;2;13;51;35m▆[38;2;10;49;36;48;2;11;50;35m┯[38;2;10;49;33;48;2;12;50;36m▗[38;2;10;52;36;48;2;9;49;34m▋[38;2;12;51;40;48;2;11;50;34m▗[38;2;10;47;36;48;2;13;50;38m▗[38;2;14;48;35;48;2;10;49;38m▂[38;2;9;48;36;48;2;13;48;36m▚[38;2;10;51;33;48;2;11;49;35m▗[38;2;15;49;40;48;2;10;49;35m▁[38;2;10;51;34;48;2;8;48;37m▂[38;2;11;50;40;48;2;10;48;36m┓[38;2;14;49;40;48;2;12;50;35m▘[38;2;9;47;32;48;2;10;49;38m▗[38;2;10;52;35;48;2;12;48;37m▃[38;2;12;50;40;48;2;11;49;37m┓[38;2;9;47;36;48;2;11;50;36m▘[38;2;12;49;36;48;2;8;52;37m▆[38;2;12;50;37;48;2;10;49;36m─[38;2;10;49;36;48;2;12;49;37m┻[38;2;12;50;37;48;2;11;48;36m╷[38;2;15;47;36;48;2;9;49;36m▁[38;2;10;51;33;48;2;12;51;38m▂[38;2;11;49;35;48;2;13;52;37m▁[38;2;15;52;36;48;2;15;58;37m▖[38;2;13;57;33;48;2;18;61;35m▖[38;2;23;68;30;48;2;22;67;35m╹[38;2;22;66;34;48;2;28;73;38m▖[38;2;28;75;36;48;2;33;81;39m▖[38;2;39;95;42;48;2;34;85;39m▝[38;2;40;90;41;48;2;42;98;44m▄[38;2;45;95;42;48;2;48;104;47m▂[38;2;47;105;43;48;2;52;111;49m▂[38;2;55;114;48;48;2;59;120;51m▄[38;2;58;121;49;48;2;64;128;54m▄[38;2;64;128;51;48;2;67;135;56m▖[38;2;69;136;56;48;2;73;141;60m▃[38;2;70;140;57;48;2;74;146;61m▖[38;2;76;148;65;48;2;77;150;68m▇[38;2;81;153;71m┗[38;2;75;153;65;48;2;79;152;71m▁[38;2;78;153;70;48;2;79;155;75m▄[38;2;81;154;71;48;2;78;155;75m▂[38;2;79;155;75;48;2;78;158;80m▆[38;2;82;154;75;48;2;75;155;78m▄[38;2;77;154;78;48;2;78;156;86m▄[38;2;76;156;79;48;2;75;156;86m▄[38;2;74;156;82;48;2;73;157;91m▄[38;2;74;157;85;48;2;71;157;94m▄[38;2;73;156;89;48;2;70;156;98m▄[38;2;72;157;93;48;2;69;156;103m▄[38;2;72;157;94;48;2;69;156;101m▂[38;2;70;155;96;48;2;68;155;105m▁[38;2;69;159;95;48;2;67;156;107m▁[38;2;67;156;99;48;2;65;154;106m▂[38;2;68;158;104;48;2;65;154;107m▂[38;2;69;156;104;48;2;66;155;109m▁[38;2;67;156;106;48;2;65;158;111m▃[38;2;68;157;109;48;2;65;159;110m▅[38;2;68;157;108;48;2;68;157;105m▆[38;2;70;158;109;48;2;67;157;107m▚[38;2;69;158;105;48;2;66;154;106m▆[38;2;69;158;104;48;2;63;150;104m▆[38;2;69;156;105;48;2;62;144;101m▅[38;2;65;152;101;48;2;53;130;92m▆[38;2;66;152;99;48;2;51;129;90m▅[38;2;63;145;94;48;2;49;121;86m▅[38;2;62;144;91;48;2;47;120;82m▄[38;2;59;142;91;48;2;47;117;83m▃[38;2;56;135;87;48;2;46;116;82m▃[38;2;57;132;85;48;2;46;115;80m▂[38;2;53;124;81;48;2;43;111;79m▃[38;2;49;120;79;48;2;41;109;78m▂[0m
[38;2;76;107;91;48;2;87;112;93m▝[38;2;79;107;92;48;2;71;102;88m▖[38;2;70;102;85;48;2;64;95;83m▖[38;2;51;86;76;48;2;57;91;81m▝[38;2;41;79;68;48;2;46;84;73m▝[38;2;34;72;61;48;2;37;77;66m▝[38;2;35;74;62;48;2;31;71;59m▎[38;2;32;69;53;48;2;30;68;56m┌[38;2;30;68;60;48;2;27;66;56m╷[38;2;28;67;57;48;2;26;66;54m╸[38;2;24;63;54;48;2;22;62;51m▊[38;2;25;66;53m╶[38;2;18;59;45;48;2;20;61;48m╹[38;2;18;58;45;48;2;18;59;48m┙[38;2;17;57;48;48;2;15;56;45m▎[38;2;12;53;39;48;2;14;55;44m╶[38;2;14;54;43;48;2;12;53;38m▖[38;2;13;55;42;48;2;12;52;40m▖[38;2;11;49;37;48;2;12;51;40m▚[38;2;13;50;41;48;2;12;50;36m─[38;2;10;48;35;48;2;13;49;36m▎[38;2;13;50;33;48;2;12;50;37m▂[38;2;13;50;39;48;2;11;49;35m▚[38;2;10;51;36;48;2;12;51;38m┕[38;2;12;50;36;48;2;13;51;38m┙[38;2;8;49;33;48;2;12;51;36m╾[38;2;10;50;33;48;2;13;49;39m▌[38;2;12;50;39;48;2;10;50;36m─[38;2;8;46;33;48;2;13;51;36m▂[38;2;11;48;33;48;2;11;50;37m▎[38;2;10;47;35;48;2;12;50;38m▝[38;2;11;48;34;48;2;10;50;38m▆[38;2;13;51;38;48;2;11;49;36m▏[38;2;11;47;32;48;2;13;49;38m▖[38;2;9;47;34;48;2;11;49;36m┘[38;2;8;48;35;48;2;11;50;36m╾[38;2;11;50;38;48;2;10;46;36m▇[38;2;14;53;39;48;2;11;49;35m┰[38;2;13;50;42;48;2;12;50;39m┊[38;2;11;49;34;48;2;11;49;38m▁[38;2;14;51;36;48;2;10;49;36m┎[38;2;11;47;34;48;2;10;47;37m▄[38;2;11;48;34;48;2;11;49;36m▌[38;2;9;48;35;48;2;10;50;36m╍[38;2;8;49;34;48;2;11;50;37m┒[38;2;10;49;34m╾[38;2;9;50;37;48;2;11;49;35m▆[38;2;12;49;37;48;2;11;48;35m╏[38;2;11;52;37;48;2;10;48;35m┏[38;2;9;48;33;48;2;10;50;36m╸[38;2;9;49;35;48;2;11;50;37m▎[38;2;9;47;33;48;2;12;50;36m╃[38;2;14;53;40;48;2;11;52;34m┼[38;2;13;54;38;48;2;15;58;34m▂[38;2;20;59;35;48;2;21;65;35m▄[38;2;30;75;38;48;2;21;68;33m▝[38;2;25;71;35;48;2;30;78;35m▖[38;2;39;87;40;48;2;34;80;36m▝[38;2;39;87;38;48;2;45;95;42m▆[38;2;43;93;38;48;2;48;100;42m▃[38;2;47;99;40;48;2;52;106;44m▂[38;2;60;119;49;48;2;54;112;45m▝[38;2;58;118;48;48;2;63;124;51m▄[38;2;65;125;50;48;2;68;133;54m▅[38;2;67;130;52;48;2;72;138;56m▖[38;2;76;138;55;48;2;76;143;59m▃[38;2;78;142;59;48;2;77;147;62m▂[38;2;80;145;62;48;2;78;151;66m▂[38;2;71;156;63;48;2;78;154;66m╴[38;2;82;153;68;48;2;77;154;69m▄[38;2;77;152;67;48;2;78;155;72m▏[38;2;81;153;80;48;2;79;154;73m╷[38;2;80;154;71;48;2;80;153;75m▌[38;2;78;157;78;48;2;79;154;75m▘[38;2;77;151;72;48;2;79;156;77m╸[38;2;77;155;79;48;2;80;157;83m▆[38;2;80;154;79;48;2;74;155;83m▄[38;2;78;155;84;48;2;73;156;88m▇[38;2;75;156;85;48;2;74;157;90m▄[38;2;75;157;84;48;2;72;157;92m▄[38;2;76;158;86;48;2;71;157;94m▄[38;2;73;157;90;48;2;70;157;100m▅[38;2;73;157;92;48;2;71;158;104m▄[38;2;77;156;93;48;2;69;157;101m▂[38;2;73;156;92;48;2;71;158;103m▂[38;2;69;157;98;48;2;69;156;108m▅[38;2;69;157;99;48;2;68;158;107m▅[38;2;70;158;98;48;2;69;158;104m▂[38;2;71;159;97;48;2;69;158;103m▂[38;2;72;159;102;48;2;70;159;100m▄[38;2;72;159;105;48;2;71;158;99m┓[38;2;73;160;102;48;2;71;157;97m▘[38;2;73;158;98;48;2;70;157;96m╋[38;2;71;158;91;48;2;72;157;97m─[38;2;73;157;97;48;2;71;156;91m▘[38;2;75;157;86;48;2;71;154;92m▗[38;2;73;157;88;48;2;67;149;90m▆[38;2;73;156;83;48;2;66;147;82m▅[38;2;74;153;80;48;2;63;142;81m▅[38;2;70;146;78;48;2;56;131;79m▆[0m
[38;2;87;115;92;48;2;94;121;93m▝[38;2;88;114;91;48;2;79;108;89m▅[38;2;81;108;90;48;2;71;101;85m▄[38;2;74;103;88;48;2;64;96;83m▖[38;2;48;86;74;48;2;59;92;80m▝[38;2;54;87;75;48;2;45;82;71m▂[38;2;45;79;72;48;2;38;75;65m▎[38;2;37;69;60;48;2;33;71;61m▘[38;2;26;66;54;48;2;30;69;59m▝[38;2;27;67;56;48;2;27;67;52m▅[38;2;24;66;53;48;2;22;64;52m▌[38;2;22;63;52;48;2;22;62;50m▍[38;2;25;63;50;48;2;21;60;50m╴[38;2;17;57;47;48;2;18;58;49m┡[38;2;17;58;45;48;2;16;56;43m▊[38;2;11;52;42;48;2;13;54;43m━[38;2;12;53;42;48;2;14;54;42m╍[38;2;15;54;43;48;2;13;52;38m▃[38;2;12;51;36;48;2;12;50;40m▄[38;2;14;52;41;48;2;12;50;39m╏[38;2;12;53;41;48;2;10;51;38m╴[38;2;12;51;38;48;2;11;49;38m━[38;2;13;51;39;48;2;11;50;37m▎[38;2;12;50;36;48;2;13;51;38m▇[38;2;12;50;34;48;2;12;50;40m▁[38;2;13;48;34;48;2;12;51;36m▝[38;2;11;50;38;48;2;12;51;39m▚[38;2;13;53;37;48;2;9;49;34m▃[38;2;11;50;40;48;2;11;50;37m└[38;2;10;49;36;48;2;11;51;40m▊[38;2;12;51;41;48;2;10;48;37m┫[38;2;10;47;34;48;2;12;48;37m┏[48;2;11;49;37m [38;2;11;48;34;48;2;12;49;39m▚[38;2;13;51;39;48;2;12;50;37m┍[38;2;12;50;38;48;2;11;48;36m▎[38;2;10;48;34;48;2;12;49;37m▘[38;2;12;50;37;48;2;9;48;35m▊[38;2;8;49;36;48;2;10;49;37m┇[38;2;10;46;33;48;2;12;48;36m┺[38;2;8;47;35;48;2;11;50;38m▘[38;2;11;50;35;48;2;10;49;38m▃[38;2;11;50;37;48;2;9;49;36m▎[38;2;9;51;37;48;2;10;49;36m▍[38;2;12;49;38;48;2;9;48;34m▅[38;2;11;50;36;48;2;11;49;36m▏[38;2;12;50;38;48;2;9;49;36m▍[38;2;10;47;34;48;2;10;50;38m▁[38;2;11;49;33;48;2;11;48;39m▃[38;2;10;46;34;48;2;10;49;37m▁[38;2;6;49;35;48;2;10;49;36m╼[38;2;8;48;35;48;2;11;49;37m╍[38;2;9;47;32;48;2;11;51;37m┹[38;2;10;49;33;48;2;11;52;35m╸[38;2;11;52;34;48;2;14;57;34m▃[38;2;14;58;34;48;2;19;61;32m▃[38;2;27;69;34;48;2;22;64;33m▝[38;2;28;75;32;48;2;27;69;33m▝[38;2;30;74;32;48;2;33;82;33m▅[38;2;36;79;34;48;2;39;87;35m▖[38;2;40;87;35;48;2;43;94;38m▖[38;2;46;95;36;48;2;50;102;41m▃[38;2;52;104;39;48;2;56;110;44m▄[38;2;53;112;41;48;2;61;120;48m▅[38;2;61;120;44;48;2;69;128;51m▅[38;2;66;126;46;48;2;69;136;54m▄[38;2;73;134;49;48;2;76;140;57m▃[38;2;77;142;52;48;2;76;146;57m▃[38;2;79;145;56;48;2;80;147;60m▎[38;2;77;148;60;48;2;80;151;66m▄[38;2;81;154;67;48;2;80;152;67m┈[38;2;81;154;71;48;2;80;152;68m▝[38;2;80;154;75;48;2;80;154;69m▝[38;2;80;155;71;48;2;82;157;76m▆[38;2;79;155;70;48;2;81;155;74m▃[38;2;80;154;72;48;2;81;156;75m╼[38;2;80;155;77;48;2;80;155;74m▝[38;2;79;156;77;48;2;80;158;77m▘[38;2;79;158;80;48;2;77;155;78m┶[38;2;74;156;84;48;2;78;156;80m▝[38;2;78;155;83;48;2;77;155;80m▁[38;2;79;155;81;48;2;75;156;82m┱[38;2;76;156;81;48;2;75;157;81m━[38;2;77;155;80;48;2;76;156;83m▖[38;2;76;156;81;48;2;74;156;85m▄[38;2;76;157;80;48;2;73;157;89m▃[38;2;76;156;83;48;2;74;157;92m▄[38;2;75;155;84;48;2;74;157;95m▄[38;2;75;155;88;48;2;73;158;95m▆[38;2;73;157;86;48;2;71;157;94m▄[38;2;74;158;87;48;2;73;156;95m▄[38;2;74;155;87;48;2;75;157;93m▃[38;2;74;156;87;48;2;73;159;94m▃[38;2;74;157;85;48;2;74;157;90m▂[38;2;77;157;85;48;2;74;159;90m▃[38;2;79;156;85;48;2;74;156;87m▂[38;2;75;156;84;48;2;75;156;81m▎[38;2;77;158;81;48;2;76;157;79m▝[38;2;77;155;76;48;2;80;155;75m▋[38;2;76;149;72;48;2;80;153;72m▝[0m
[38;2;103;128;86;48;2;98;123;88m▃[38;2;95;122;87;48;2;91;117;90m▅[38;2;89;115;88;48;2;86;112;90m▃[38;2;83;111;89;48;2;76;107;88m▎[38;2;72;103;82;48;2;66;98;84m▖[38;2;62;94;79;48;2;58;90;77m▍[38;2;45;81;71;48;2;51;85;75m▝[38;2;44;80;69;48;2;41;77;64m▍[38;2;30;70;59;48;2;36;74;62m▝[38;2;31;69;60;48;2;28;67;56m▇[38;2;30;70;58;48;2;27;66;56m▂[38;2;27;67;56;48;2;25;63;52m▃[38;2;23;65;53;48;2;20;61;50m▃[38;2;24;62;51;48;2;20;60;48m▍[38;2;18;59;48;48;2;17;56;45m▆[38;2;13;54;41;48;2;15;57;45m┐[38;2;16;57;46;48;2;15;54;43m▁[38;2;15;56;42;48;2;14;54;40m┲[38;2;14;52;44;48;2;13;51;39m▘[38;2;14;53;39;48;2;11;51;37m▖[38;2;10;50;36;48;2;11;51;38m└[38;2;13;51;38;48;2;10;50;38m▘[38;2;11;51;38;48;2;11;48;36m▚[38;2;10;49;36;48;2;13;51;38m▘[38;2;13;52;34;48;2;12;51;38m▝[38;2;14;52;38;48;2;11;51;38m▎[38;2;9;52;36;48;2;11;50;38m╸[38;2;10;50;33;48;2;11;49;39m▂[38;2;11;49;41;48;2;11;50;39m┛[38;2;15;53;40;48;2;11;50;37m╵[38;2;11;49;35;48;2;12;50;36m╾[38;2;11;48;36;48;2;11;49;37m┻[38;2;9;48;36;48;2;12;49;35m▂[38;2;12;50;39;48;2;10;48;35m▅[38;2;14;52;42;48;2;11;48;38m╵[38;2;11;48;37;48;2;12;50;39m╼[38;2;15;48;37;48;2;11;49;37m▝[38;2;11;49;37;48;2;8;51;37m▋[38;2;12;50;38;48;2;10;48;37m╏[38;2;11;48;36;48;2;11;50;38m▚[38;2;10;48;33;48;2;10;49;36m▗[38;2;10;49;35;48;2;12;50;37m▌[38;2;9;48;35;48;2;11;50;37m━[38;2;11;52;38;48;2;11;49;36m╹[38;2;10;48;35;48;2;12;49;37m▎[38;2;13;50;38;48;2;11;48;35m▃[38;2;13;52;38;48;2;11;50;36m▂[38;2;13;51;38;48;2;12;49;37m┱[38;2;12;50;38;48;2;10;48;35m─[38;2;11;48;32;48;2;11;47;36m▂[38;2;13;50;38;48;2;10;48;35m▁[38;2;12;49;38;48;2;11;48;36m╉[38;2;11;48;34;48;2;9;49;37m▎[38;2;12;51;38;48;2;10;48;35m╏[38;2;10;49;30;48;2;12;50;37m─[38;2;14;54;36;48;2;12;54;33m┍[38;2;20;60;34;48;2;13;56;31m▝[38;2;17;60;31;48;2;22;64;33m▄[38;2;26;71;33;48;2;24;65;31m▝[38;2;28;71;33;48;2;31;76;32m▅[38;2;34;78;31;48;2;40;85;35m▇[38;2;37;83;29;48;2;42;91;36m▄[38;2;44;89;34;48;2;49;100;37m▅[38;2;46;98;38;48;2;53;105;40m▄[38;2;50;103;38;48;2;57;113;41m▖[38;2;59;114;42;48;2;60;121;45m▄[38;2;63;121;44;48;2;67;127;48m▖[38;2;74;138;51;48;2;70;130;48m▝[38;2;71;135;46;48;2;76;142;52m▂[38;2;77;142;54;48;2;81;146;57m▄[38;2;79;147;56;48;2;81;148;63m▄[38;2;78;146;57;48;2;81;148;64m▁[38;2;81;154;70;48;2;80;151;66m┗[38;2;78;152;65;48;2;80;154;68m╍[38;2;83;154;68;48;2;80;153;67m▖[38;2;80;154;69;48;2;81;154;73m▎[38;2;77;155;71;48;2;81;153;71m▖[38;2;82;156;74;48;2;80;154;72m┕[38;2;79;154;71;48;2;77;154;75m▆[38;2;78;153;71;48;2;81;154;77m▖[38;2;79;154;73;48;2;78;156;79m▖[38;2;76;155;76;48;2;78;156;80m▅[38;2;78;158;83;48;2;75;157;80m╾[38;2;80;158;83;48;2;76;158;80m╴[38;2;79;157;83;48;2;75;157;81m┗[38;2;76;156;79;48;2;77;157;83m▝[38;2;78;156;82;48;2;76;157;81m▍[38;2;75;152;78;48;2;76;156;81m╶[38;2;80;156;82;48;2;76;156;80m▍[38;2;79;157;82;48;2;75;157;81m╻[38;2;76;158;82;48;2;74;156;79m▎[38;2;77;153;83;48;2;77;155;80m▝[38;2;75;155;77;48;2;77;157;81m┘[38;2;76;156;77;48;2;76;159;83m▆[38;2;76;155;75;48;2;78;156;81m▆[38;2;76;155;74;48;2;78;155;78m▄[38;2;75;154;74;48;2;75;156;79m▄[38;2;75;154;76;48;2;78;156;77m┖[38;2;78;154;72;48;2;78;157;74m▃[38;2;79;157;72;48;2;78;154;71m▏[0m
[38;2;107;130;79;48;2;106;132;87m▇[38;2;102;129;79;48;2;96;123;79m▖[38;2;96;122;79;48;2;91;117;82m▖[38;2;85;114;83;48;2;83;110;85m▅[38;2;75;104;89;48;2;79;108;84m▝[38;2;74;101;86;48;2;66;97;81m▋[38;2;55;89;79;48;2;62;95;81m▝[38;2;46;81;70;48;2;53;86;75m▝[38;2;46;81;71;48;2;41;77;66m▃[38;2;38;76;66;48;2;34;71;61m▂[38;2;34;73;62;48;2;31;69;59m▎[38;2;31;67;60;48;2;28;66;53m▁[38;2;29;65;58;48;2;24;65;54m▁[38;2;21;61;50;48;2;24;64;52m┊[38;2;23;63;52;48;2;20;62;50m▍[38;2;16;57;45;48;2;18;60;47m▝[38;2;19;57;46;48;2;16;56;45m▆[38;2;18;58;46;48;2;17;54;43m▗[38;2;14;52;41;48;2;15;54;42m╺[38;2;12;51;37;48;2;14;54;41m┃[38;2;14;53;42;48;2;11;51;38m┢[38;2;10;49;34;48;2;12;50;40m╼[38;2;12;49;39;48;2;12;50;36m▂[38;2;15;50;39;48;2;12;50;37m▁[38;2;14;50;37;48;2;12;50;38m╴[38;2;10;49;39;48;2;13;50;40m▌[38;2;12;50;36;48;2;9;49;33m▆[38;2;11;50;40;48;2;11;51;36m▖[38;2;10;49;34;48;2;12;51;37m┓[38;2;10;53;37;48;2;12;49;37m▁[38;2;13;51;38;48;2;11;50;36m┢[38;2;12;49;34;48;2;11;49;37m▃[38;2;11;49;35;48;2;10;50;40m▅[38;2;11;48;38;48;2;11;49;36m▘[38;2;12;50;39;48;2;11;50;35m▂[38;2;11;47;36;48;2;12;49;37m╺[38;2;12;48;36;48;2;14;49;38m▚[38;2;11;47;35;48;2;11;49;36m╸[38;2;8;49;32;48;2;10;50;35m┣[38;2;10;49;32;48;2;13;48;35m▋[38;2;10;51;40;48;2;10;48;36m┠[38;2;11;49;34;48;2;8;47;32m▇[38;2;9;49;33;48;2;11;50;36m┵[38;2;11;50;35;48;2;13;48;39m▇[38;2;12;50;38;48;2;10;48;35m┵[38;2;12;51;42;48;2;11;50;36m━[38;2;14;50;39;48;2;11;48;36m┭[38;2;10;47;32;48;2;12;49;35m┽[38;2;11;49;36;48;2;13;50;38m▉[38;2;11;47;35;48;2;12;48;40m▃[38;2;10;48;35;48;2;13;50;38m▇[38;2;12;50;37;48;2;11;49;36m┈[38;2;12;50;40;48;2;11;50;38m╵[48;2;11;49;37m╏[38;2;10;48;37;48;2;11;50;37m╻[38;2;10;49;33;48;2;12;51;35m▘[38;2;11;52;32;48;2;12;55;35m▌[38;2;13;55;32;48;2;14;59;34m▄[38;2;21;66;27;48;2;19;60;31m▝[38;2;21;64;30;48;2;25;69;29m▄[38;2;33;75;29;48;2;27;69;27m▝[38;2;31;73;26;48;2;35;79;29m▄[38;2;43;89;35;48;2;38;82;29m▝[38;2;41;85;26;48;2;44;91;32m▖[38;2;50;103;35;48;2;46;97;31m▝[38;2;51;99;33;48;2;54;105;36m▖[38;2;58;109;37;48;2;60;115;40m▅[38;2;62;115;38;48;2;67;123;44m▅[38;2;67;122;40;48;2;70;130;45m▃[38;2;69;132;44;48;2;73;138;46m▄[38;2;75;137;45;48;2;79;144;51m▃[38;2;79;143;50;48;2;80;146;55m▃[38;2;80;146;53;48;2;78;147;59m▃[38;2;83;149;58;48;2;81;151;62m▂[38;2;79;148;59;48;2;80;152;64m▖[38;2;83;150;60;48;2;80;151;66m▁[38;2;78;149;64;48;2;80;152;67m╏[38;2;81;151;65;48;2;79;154;70m▃[38;2;79;152;69;48;2;78;155;71m▃[38;2;81;155;71;48;2;79;153;67m┙[38;2;77;152;69;48;2;77;155;72m▌[38;2;78;154;70;48;2;79;156;74m▂[38;2;77;153;73;48;2;76;156;75m▅[38;2;79;153;74;48;2;75;157;76m▅[38;2;78;153;73;48;2;76;156;78m▄[38;2;79;155;75;48;2;76;158;79m▅[38;2;76;155;77;48;2;75;157;81m▄[38;2;77;156;77;48;2;77;158;82m▃[38;2;75;156;79;48;2;77;157;80m╹[38;2;73;155;79;48;2;76;158;81m╸[38;2;74;157;77;48;2;77;158;80m╏[38;2;77;159;82;48;2;75;156;81m┥[38;2;74;157;79;48;2;76;158;81m╴[38;2;75;156;79;48;2;77;157;80m╸[38;2;77;155;78;48;2;78;158;80m┝[38;2;76;157;77;48;2;80;154;77m▉[38;2;77;152;72;48;2;79;154;75m╿[38;2;78;155;70;48;2;80;155;72m▝[38;2;84;157;75;48;2;79;156;72m▁[38;2;80;153;70;48;2;81;153;71m▄[0m
[38;2;115;137;69;48;2;114;135;76m▃[38;2;108;132;68;48;2;107;130;76m▖[38;2;105;128;79;48;2;99;125;79m▃[38;2;96;122;78;48;2;90;117;82m▅[38;2;81;110;83;48;2;89;115;82m▝[38;2;74;104;82;48;2;80;109;84m▝[38;2;72;101;81;48;2;66;98;79m▅[38;2;66;98;81;48;2;58;92;78m▖[38;2;47;82;69;48;2;53;88;74m▝[38;2;38;74;66;48;2;46;81;70m▝[38;2;36;76;64;48;2;34;70;61m▅[38;2;28;72;59;48;2;30;67;60m▂[38;2;27;65;57;48;2;25;64;53m▊[38;2;21;63;51;48;2;24;63;53m╴[38;2;25;63;52;48;2;21;63;51m▖[38;2;19;57;49;48;2;22;62;50m▝[38;2;18;59;45;48;2;18;57;46m▉[38;2;17;54;42;48;2;17;57;44m▗[38;2;15;54;41;48;2;14;55;41m┈[38;2;15;56;46;48;2;13;53;43m┗[38;2;14;52;40;48;2;15;53;42m▅[38;2;16;54;43;48;2;13;51;40m▗[38;2;8;51;37;48;2;12;51;39m╹[38;2;11;48;34;48;2;12;49;39m┲[38;2;12;48;38;48;2;11;48;37m╴[38;2;10;52;38;48;2;12;49;37m▗[38;2;6;50;35;48;2;11;51;38m╼[38;2;12;51;38;48;2;10;50;37m▖[38;2;14;50;38;48;2;12;50;38m▝[38;2;12;50;36;48;2;10;48;34m▊[38;2;13;52;39;48;2;11;50;35m┰[38;2;11;49;37m▇[38;2;10;49;35;48;2;10;49;38m▋[38;2;12;51;38;48;2;12;48;35m▄[38;2;11;48;41;48;2;12;49;37m▘[38;2;10;48;34;48;2;12;50;37m▆[38;2;10;47;34;48;2;12;49;36m┦[38;2;4;52;36;48;2;11;48;35m╶[38;2;8;48;36;48;2;12;49;36m┺[38;2;9;48;31;48;2;10;49;35m╴[38;2;9;46;33;48;2;12;49;37m╷[38;2;15;51;39;48;2;12;50;35m┒[38;2;7;51;34;48;2;12;49;37m┐[38;2;11;48;35;48;2;11;50;37m▘[38;2;9;50;36;48;2;12;50;37m▅[38;2;10;49;31m─[38;2;11;49;35;48;2;12;50;40m▆[38;2;10;52;38;48;2;10;49;36m▖[38;2;13;51;36;48;2;11;49;34m┳[38;2;8;47;31;48;2;11;50;36m╶[38;2;10;48;35;48;2;11;50;37m▎[38;2;9;50;37;48;2;12;48;36m▌[38;2;10;51;37;48;2;10;50;35m╹[38;2;9;50;35;48;2;12;49;39m▄[38;2;11;52;40;48;2;10;49;37m┏[38;2;11;49;39;48;2;10;50;36m▎[38;2;11;51;35;48;2;8;48;33m▅[38;2;9;52;31;48;2;12;52;36m┰[38;2;12;52;35;48;2;17;58;34m▆[38;2;15;56;33;48;2;21;63;27m▆[38;2;20;62;31;48;2;24;66;26m▅[38;2;24;65;30;48;2;31;72;26m▄[38;2;31;71;29;48;2;35;77;28m▄[38;2;38;86;26;48;2;35;78;27m▝[38;2;39;84;28;48;2;44;90;29m▌[38;2;44;90;26;48;2;49;95;30m▅[38;2;50;97;28;48;2;54;105;35m▅[38;2;53;104;28;48;2;58;110;34m▂[38;2;59;110;34;48;2;63;117;35m▖[38;2;67;120;37;48;2;71;126;38m▄[38;2;69;127;34;48;2;74;132;42m▃[38;2;75;135;39;48;2;78;139;45m▄[38;2;78;143;49;48;2;79;140;45m▝[38;2;79;142;46;48;2;81;147;54m▅[38;2;80;144;49;48;2;81;148;57m▄[38;2;81;147;53;48;2;80;149;58m▂[38;2;79;148;57;48;2;81;151;61m▃[38;2;83;150;59;48;2;80;151;62m▃[38;2;79;153;59;48;2;79;152;64m▄[38;2;81;152;64;48;2;81;154;68m▆[38;2;79;152;62;48;2;80;155;66m▄[38;2;81;152;65;48;2;80;155;68m▅[38;2;80;154;67;48;2;79;156;74m▇[38;2;79;153;66;48;2;80;154;72m▇[38;2;79;152;67;48;2;77;151;71m▃[38;2;79;151;67m▖[38;2;77;152;70;48;2;78;154;73m▃[38;2;77;152;72;48;2;78;154;76m▄[38;2;76;153;72;48;2;77;156;77m▅[38;2;75;153;74;48;2;76;156;79m▆[38;2;78;156;81;48;2;76;155;76m─[38;2;75;154;75;48;2;75;156;80m▄[38;2;76;153;75;48;2;76;156;78m▁[38;2;77;155;78;48;2;75;154;76m▝[38;2;71;153;74;48;2;77;154;75m─[38;2;81;154;75;48;2;77;156;76m┓[38;2;80;153;72;48;2;80;155;75m▁[38;2;81;155;73;48;2;80;154;71m▌[48;2;80;154;69m▝[38;2;83;154;68;48;2;80;153;68m╻[0m
[38;2;126;148;60;48;2;120;142;66m▄[38;2;117;142;63;48;2;113;136;69m▄[38;2;113;136;64;48;2;107;130;71m▖[38;2;104;129;71;48;2;97;123;74m▄[38;2;97;123;73;48;2;93;119;78m▄[38;2;90;119;76;48;2;85;113;79m▄[38;2;85;113;77;48;2;80;108;81m▖[38;2;79;106;80;48;2;70;101;80m▖[38;2;57;89;76;48;2;66;97;79m▝[38;2;57;91;76;48;2;52;87;75m▅[38;2;51;85;74;48;2;43;81;69m▖[38;2;41;77;66;48;2;33;72;62m▅[38;2;35;71;61;48;2;29;69;59m▄[38;2;29;65;56;48;2;25;63;53m▋[38;2;26;66;54;48;2;23;61;52m▖[38;2;23;63;55;48;2;21;61;50m▖[38;2;21;58;51;48;2;17;59;48m┷[38;2;17;59;47;48;2;15;56;43m▇[38;2;18;57;46;48;2;15;55;43m▄[38;2;15;55;44;48;2;13;53;42m▌[38;2;13;53;44;48;2;14;54;42m╍[38;2;14;52;43;48;2;13;52;40m▚[38;2;12;50;39;48;2;14;53;41m▝[38;2;13;52;41;48;2;11;50;38m━[38;2;12;50;40m╹[38;2;13;52;40m╊[38;2;14;49;38;48;2;10;51;38m▝[38;2;11;51;39;48;2;10;49;37m▆[38;2;12;51;39;48;2;11;49;38m▋[38;2;11;47;35;48;2;12;50;37m▁[38;2;15;50;39;48;2;11;48;36m▗[38;2;13;51;40;48;2;11;49;35m┚[38;2;11;50;37;48;2;12;51;38m┣[38;2;11;49;35;48;2;12;50;37m┓[38;2;11;48;35;48;2;12;49;37m╴[38;2;13;52;39;48;2;12;50;37m╺[38;2;12;49;36;48;2;11;48;31m▇[38;2;10;48;36;48;2;11;50;37m▊[38;2;10;49;35;48;2;10;50;35m╴[38;2;8;48;32;48;2;11;50;36m┑[38;2;12;49;39;48;2;11;49;37m╊[38;2;11;48;34;48;2;12;48;36m┃[38;2;10;47;35;48;2;12;50;37m▍[38;2;10;51;33;48;2;12;50;35m╹[38;2;10;49;36;48;2;11;51;38m▎[38;2;9;51;35;48;2;12;50;38m▄[38;2;12;54;39;48;2;8;50;34m▗[38;2;8;49;33;48;2;10;51;35m╍[38;2;9;51;32;48;2;11;52;36m▁[38;2;11;53;39;48;2;11;51;36m▁[38;2;8;51;34;48;2;11;52;36m╶[38;2;9;50;35m┛[38;2;9;51;34;48;2;7;50;33m▆[38;2;12;53;37;48;2;12;52;33m▘[38;2;12;50;32;48;2;11;53;35m▘[38;2;10;52;30;48;2;11;51;34m▝[38;2;11;52;35;48;2;10;52;32m▖[38;2;13;55;35m▊[38;2;13;56;32;48;2;9;51;33m▄[38;2;12;55;32;48;2;9;51;30m▅[38;2;12;54;32;48;2;16;56;33m▏[38;2;16;58;30;48;2;22;62;31m▋[38;2;19;64;28;48;2;26;68;30m▅[38;2;31;74;28;48;2;24;69;26m▝[38;2;29;73;25;48;2;37;78;24m▄[38;2;37;80;24;48;2;41;86;27m▅[38;2;41;82;22;48;2;45;89;25m▖[38;2;47;94;26;48;2;52;101;28m▅[38;2;54;100;25;48;2;58;107;30m▆[38;2;58;105;26;48;2;62;111;31m▄[38;2;61;111;28;48;2;68;119;33m▖[38;2;73;130;34;48;2;70;123;31m▝[38;2;71;125;27;48;2;76;133;36m▖[38;2;77;132;34;48;2;78;138;40m▃[38;2;80;139;39;48;2;79;142;45m▃[38;2;78;141;43;48;2;80;145;50m▄[38;2;81;143;47;48;2;82;146;54m▄[38;2;80;147;50;48;2;81;148;55m▄[38;2;83;149;51;48;2;82;150;60m▄[38;2;82;149;54;48;2;80;151;62m▇[38;2;81;150;56;48;2;81;153;63m▆[38;2;84;151;56;48;2;81;152;61m▄[38;2;82;152;59;48;2;81;154;65m▅[38;2;83;153;61;48;2;80;153;68m▄[38;2;83;154;59;48;2;80;153;65m▃[38;2;83;153;62;48;2;79;151;68m▅[38;2;81;153;61;48;2;79;153;67m▂[38;2;79;153;63;48;2;77;152;67m▄[38;2;77;150;69;48;2;78;151;65m▘[38;2;77;151;64;48;2;75;151;69m▂[38;2;74;149;66;48;2;75;151;71m▅[38;2;72;148;68;48;2;74;150;70m─[38;2;73;148;66;48;2;79;152;72m▃[38;2;74;149;67;48;2;77;152;73m▃[38;2;76;151;66;48;2;77;156;72m▄[38;2;77;151;67;48;2;80;153;71m▃[38;2;78;151;67;48;2;82;155;71m▄[38;2;80;152;66;48;2;79;155;71m▅[38;2;81;151;63;48;2;82;155;71m▃[38;2;81;153;66;48;2;82;150;62m▘[0m
[38;2;125;147;41;48;2;125;144;53m▆[38;2;120;141;42;48;2;120;140;52m▄[38;2;113;136;46;48;2;114;138;59m▅[38;2;109;131;48;48;2;109;133;63m▄[38;2;102;127;51;48;2;103;130;66m▄[38;2;98;120;56;48;2;97;123;69m▃[38;2;93;119;62;48;2;88;116;69m▖[38;2;83;113;67;48;2;81;109;75m▅[38;2;80;108;68;48;2;73;102;77m▄[38;2;76;106;71;48;2;66;97;76m▖[38;2;63;94;73;48;2;55;89;76m▃[38;2;55;87;74;48;2;45;80;68m▄[38;2;34;72;64;48;2;46;80;70m▝[38;2;37;73;63;48;2;30;70;58m▋[38;2;28;68;55;48;2;25;64;54m▌[38;2;27;66;55;48;2;25;63;52m▖[38;2;20;59;48;48;2;22;63;52m▝[38;2;20;61;52;48;2;21;57;47m▄[38;2;19;59;52;48;2;16;57;46m▃[38;2;17;58;49;48;2;17;56;46m▂[38;2;17;54;45;48;2;15;54;42m┙[38;2;14;53;39;48;2;13;53;42m╹[38;2;16;55;44;48;2;13;52;41m▖[38;2;13;51;45;48;2;13;52;39m▄[38;2;14;51;39;48;2;11;50;37m▘[38;2;14;52;41;48;2;11;51;36m╾[38;2;15;48;39;48;2;10;49;37m╹[38;2;11;52;40;48;2;10;51;36m╲[38;2;13;51;34;48;2;11;51;37m▂[38;2;13;50;37;48;2;11;48;35m┫[38;2;13;50;38;48;2;12;49;37m▚[38;2;13;50;42;48;2;11;48;36m━[38;2;12;50;36;48;2;10;48;35m▆[38;2;12;48;35;48;2;12;49;39m▉[38;2;13;48;40;48;2;11;51;38m─[38;2;12;50;40;48;2;11;50;37m┰[38;2;11;49;38;48;2;11;49;34m▖[38;2;12;49;34;48;2;12;51;38m▎[38;2;13;51;37;48;2;11;49;36m▄[38;2;8;49;33;48;2;12;49;36m▖[38;2;13;53;38;48;2;11;50;36m━[38;2;10;50;35;48;2;12;50;36m▗[38;2;8;49;33;48;2;11;51;36m┴[38;2;11;52;39;48;2;10;51;35m╺[38;2;12;51;37;48;2;11;51;34m┏[38;2;12;50;37;48;2;11;50;33m▋[38;2;9;49;36;48;2;11;51;37m┕[38;2;13;53;36;48;2;11;51;34m▏[38;2;11;50;31;48;2;13;52;33m▎[38;2;11;52;34;48;2;12;54;36m▏[38;2;10;50;30;48;2;12;53;33m┖[38;2;13;53;35;48;2;10;52;33m╹[38;2;8;50;30;48;2;12;54;35m▏[38;2;10;53;31;48;2;12;54;34m╸[38;2;14;56;35;48;2;11;53;32m─[38;2;13;57;34;48;2;12;55;33m┐[38;2;13;57;31;48;2;12;54;33m▄[38;2;13;57;33;48;2;10;53;33m▇[38;2;15;58;34;48;2;14;57;32m┦[38;2;13;57;30;48;2;15;58;33m▚[38;2;13;58;28;48;2;14;58;33m▂[38;2;15;57;25;48;2;15;60;28m▝[38;2;16;60;29;48;2;15;60;24m┷[38;2;20;64;26;48;2;24;66;26m▆[38;2;24;68;23;48;2;28;72;26m▅[38;2;30;71;21;48;2;35;77;25m▄[38;2;42;82;24;48;2;36;79;22m▝[38;2;43;88;21;48;2;42;85;21m▝[38;2;46;91;20;48;2;50;95;22m▅[38;2;55;102;24;48;2;51;96;21m▝[38;2;59;99;21;48;2;60;106;25m▄[38;2;63;110;22;48;2;64;115;27m▅[38;2;67;115;25;48;2;71;122;30m▄[38;2;71;121;27;48;2;75;128;31m▄[38;2;76;127;29;48;2;80;135;34m▄[38;2;79;133;31;48;2;80;137;39m▄[38;2;82;137;37;48;2;81;141;45m▄[38;2;81;139;42;48;2;80;143;46m▄[38;2;85;144;53;48;2;80;143;45m▝[38;2;80;144;47;48;2;82;147;49m▅[38;2;81;147;49;48;2;83;147;51m╴[38;2;81;147;50;48;2;83;150;54m▃[38;2;82;148;50;48;2;84;151;54m▂[38;2;83;150;53;48;2;83;151;57m▅[38;2;83;149;52;48;2;85;153;56m▃[38;2;85;151;55;48;2;85;154;61m▅[38;2;81;153;59;48;2;84;152;55m▝[38;2;85;150;55;48;2;83;151;57m┐[38;2;81;151;54;48;2;83;153;59m▗[38;2;83;152;56;48;2;84;153;62m▅[38;2;82;153;65;48;2;82;152;58m▘[38;2;77;153;65;48;2;81;152;60m╵[38;2;83;154;58;48;2;77;150;64m▄[38;2;83;151;61;48;2;76;148;63m▅[38;2;82;151;61;48;2;75;147;65m▅[38;2;74;144;58;48;2;79;150;62m╸[38;2;84;154;59;48;2;76;148;63m▂[38;2;81;151;59;48;2;75;147;64m▂[38;2;77;148;61;48;2;81;151;65m▅[38;2;74;144;60;48;2;79;149;61m▄[0m
[38;2;130;151;37;48;2;125;148;35m▄[38;2;125;147;37;48;2;121;143;38m▋[38;2;121;142;40;48;2;117;139;37m▏[38;2;107;130;43;48;2;112;136;41m▝[38;2;107;132;48;48;2;105;130;46m╲[38;2;100;127;47;48;2;97;122;49m▃[38;2;96;123;49;48;2;91;118;51m▖[38;2;84;114;52;48;2;83;110;59m▇[38;2;81;112;52;48;2;78;107;57m▖[38;2;71;104;55;48;2;74;101;61m▄[38;2;64;96;55;48;2;65;96;67m▅[38;2;57;92;57;48;2;60;90;68m▄[38;2;53;88;56;48;2;54;85;68m▃[38;2;46;82;65;48;2;42;76;60m▊[38;2;39;76;61;48;2;34;72;60m▋[38;2;33;70;61;48;2;29;67;57m▃[38;2;27;66;57;48;2;26;62;55m▊[38;2;18;58;47;48;2;22;63;52m╺[38;2;18;63;50;48;2;19;60;49m▂[38;2;15;61;49;48;2;18;58;47m▂[38;2;17;58;47;48;2;15;56;45m┎[38;2;17;56;45;48;2;13;54;43m▎[38;2;14;55;43;48;2;13;53;42m▗[38;2;14;52;39;48;2;13;52;41m┬[38;2;14;52;41;48;2;12;51;38m┓[38;2;24;60;47;48;2;94;121;111m▉[38;2;184;194;189;48;2;27;64;51m▖[38;2;15;54;41;48;2;13;51;38m╶[38;2;11;49;36;48;2;12;49;33m▇[38;2;12;49;35;48;2;14;51;37m▘[38;2;12;50;34;48;2;12;48;36m▂[38;2;12;48;39;48;2;11;48;34m▅[38;2;12;50;38;48;2;11;50;33m▆[38;2;13;51;41;48;2;13;50;38m╴[38;2;13;51;38;48;2;12;51;37m┊[38;2;14;50;38;48;2;11;50;36m▝[38;2;9;49;34;48;2;11;49;37m▂[38;2;13;50;38;48;2;12;50;37m╌[38;2;10;48;37;48;2;11;51;37m┃[38;2;11;52;38;48;2;11;51;36m┊[38;2;14;52;36;48;2;13;51;35m┊[38;2;144;159;154;48;2;16;52;38m▁[38;2;144;160;154;48;2;18;55;40m▁[38;2;15;55;37;48;2;10;51;33m▁[38;2;14;54;35;48;2;13;52;34m▁[38;2;14;54;36;48;2;12;53;34m▚[38;2;11;54;32;48;2;13;54;36m╾[38;2;12;54;35;48;2;10;54;34m▊[38;2;14;56;37;48;2;11;54;34m╍[38;2;9;55;29;48;2;13;54;34m▁[38;2;13;56;36;48;2;12;55;32m━[38;2;14;57;36;48;2;12;56;33m▌[38;2;14;58;36;48;2;13;57;34m╸[38;2;13;56;36;48;2;13;57;33m╵[38;2;13;57;28;48;2;15;58;31m▖[38;2;14;58;32;48;2;13;56;30m▌[38;2;14;58;29;48;2;16;60;32m▋[38;2;16;59;31;48;2;16;56;27m▋[38;2;19;61;27;48;2;14;58;29m▄[38;2;21;64;30;48;2;15;60;29m▃[38;2;22;65;29;48;2;15;62;28m▂[38;2;20;65;25;48;2;16;61;27m▅[38;2;25;69;25;48;2;18;63;26m▂[38;2;28;70;25;48;2;18;64;25m▅[38;2;31;73;22;48;2;25;67;21m▄[38;2;36;77;17;48;2;28;71;20m▂[38;2;39;77;17;48;2;32;75;19m▄[38;2;46;84;19;48;2;39;80;17m▂[38;2;44;83;17;48;2;47;87;18m▎[38;2;49;90;19;48;2;52;92;19m▍[38;2;56;100;16;48;2;54;93;14m▝[38;2;58;100;17;48;2;61;105;21m▆[38;2;67;112;23;48;2;62;106;17m▝[38;2;66;112;20;48;2;73;119;25m▊[38;2;70;115;18;48;2;74;122;26m▃[38;2;73;122;18;48;2;78;129;25m▄[38;2;81;129;26;48;2;85;138;34m▇[38;2;83;134;27;48;2;84;137;36m▅[38;2;84;138;30;48;2;83;141;38m▅[38;2;83;139;34;48;2;83;142;42m▆[38;2;83;139;35;48;2;84;141;43m▄[38;2;83;142;39;48;2;80;145;47m▄[38;2;86;142;43;48;2;83;148;49m▃[38;2;85;145;45;48;2;82;147;49m▖[38;2;84;146;48;48;2;82;148;49m╻[38;2;82;146;49;48;2;84;150;52m▄[38;2;83;148;51;48;2;84;148;52m▌[38;2;84;148;52;48;2;85;151;54m▅[38;2;84;152;55;48;2;83;149;52m╏[38;2;85;154;54;48;2;84;149;52m▘[38;2;83;149;52;48;2;84;152;55m▄[38;2;84;152;54;48;2;81;153;53m▆[38;2;84;153;56;48;2;82;151;53m┃[38;2;81;151;53;48;2;84;151;54m▘[38;2;86;151;53;48;2;83;153;55m▄[48;2;85;153;56m▂[38;2;85;152;53;48;2;86;154;56m▅[38;2;86;153;52;48;2;87;154;56m▄[38;2;87;154;54;48;2;84;153;59m▆[38;2;85;151;53;48;2;78;149;59m▇[0m
[38;2;129;152;23;48;2;132;150;35m▅[38;2;129;150;22;48;2;128;148;33m▅[38;2;125;148;22;48;2;122;145;34m▄[38;2;119;140;22;48;2;116;139;36m▃[38;2;114;137;27;48;2;108;134;39m▃[38;2;105;131;32;48;2;101;127;42m▃[38;2;101;124;37;48;2;94;123;46m▃[38;2;96;120;44;48;2;87;116;49m▃[38;2;86;115;47;48;2;82;111;51m▃[38;2;78;108;50;48;2;72;105;52m▆[38;2;71;102;52;48;2;65;102;52m▋[38;2;58;92;53;48;2;65;95;52m▝[38;2;57;90;53;48;2;53;87;56m▄[38;2;55;85;52;48;2;47;84;54m╻[38;2;45;82;55;48;2;41;77;57m▖[38;2;38;73;59;48;2;34;71;58m▍[38;2;28;66;57;48;2;29;69;59m┛[38;2;29;67;56;48;2;25;65;54m▃[38;2;25;66;54;48;2;21;63;51m▎[38;2;21;62;50;48;2;17;60;48m▆[38;2;21;62;49;48;2;19;58;47m▖[38;2;18;59;46;48;2;16;57;44m▗[38;2;16;57;47;48;2;15;55;44m▍[38;2;16;55;44;48;2;14;54;43m╌[38;2;15;52;44;48;2;11;52;40m▖[38;2;189;199;195;48;2;52;83;70m▝[38;2;215;221;220;48;2;42;73;63m╸[38;2;12;52;42;48;2;11;50;38m▊[38;2;13;50;41;48;2;12;52;37m▖[38;2;8;48;34;48;2;10;50;37m┖[38;2;9;50;35;48;2;12;50;39m▄[38;2;12;47;36;48;2;27;62;50m┊[38;2;139;156;149;48;2;21;57;45m▁[38;2;11;49;37;48;2;11;51;39m▘[38;2;9;49;34;48;2;11;51;36m╸[38;2;12;53;37;48;2;10;51;35m▁[38;2;13;48;33;48;2;9;51;36m▖[38;2;13;51;36;48;2;11;51;35m╌[38;2;7;50;33;48;2;12;52;34m╴[38;2;13;52;34;48;2;13;51;37m▄[38;2;7;54;33;48;2;18;56;40m╵[38;2;84;107;95;48;2;217;224;222m▅[38;2;226;231;228;48;2;82;106;93m▋[38;2;9;51;31;48;2;11;55;34m▏[38;2;13;56;34;48;2;12;55;32m┱[38;2;12;55;34;48;2;14;57;35m▆[38;2;13;55;33;48;2;13;56;34m▚[38;2;15;58;32;48;2;14;56;31m▄[38;2;223;228;224;48;2;29;68;43m▗[38;2;193;203;196;48;2;24;59;35m▆[38;2;84;112;96;48;2;16;60;32m▏[38;2;16;61;29;48;2;14;59;32m▅[38;2;18;60;28;48;2;14;59;30m▃[38;2;16;63;29;48;2;14;59;32m▅[38;2;13;58;29;48;2;19;63;28m▘[38;2;21;66;25;48;2;17;62;29m▄[38;2;25;69;24;48;2;19;64;28m▂[38;2;28;70;22;48;2;20;64;28m▂[38;2;30;73;21;48;2;22;67;25m▂[38;2;33;74;21;48;2;26;67;26m▂[38;2;34;75;20;48;2;26;69;27m▄[38;2;27;71;22;48;2;36;77;25m╵[38;2;178;194;170;48;2;41;79;28m▁[38;2;166;184;155;48;2;40;78;23m▂[38;2;47;85;17;48;2;40;78;17m▃[38;2;50;85;16;48;2;42;82;17m▄[38;2;55;89;15;48;2;46;84;17m▃[38;2;60;93;15;48;2;52;87;14m▃[38;2;62;97;13;48;2;54;91;15m▃[38;2;64;99;13;48;2;55;92;17m▄[38;2;68;101;11;48;2;59;96;15m▄[38;2;71;105;9;48;2;61;98;9m▄[38;2;73;108;11;48;2;64;102;10m▅[38;2;78;112;8;48;2;69;109;11m▂[38;2;79;115;9;48;2;72;113;12m▃[38;2;83;120;10;48;2;77;117;16m▂[38;2;80;120;13;48;2;79;125;20m▆[38;2;83;125;14;48;2;82;129;23m▆[38;2;87;129;15;48;2;85;134;23m▄[38;2;88;135;19;48;2;89;139;28m▄[38;2;90;137;21;48;2;86;140;29m▃[38;2;86;141;35;48;2;88;140;27m▝[38;2;88;138;28;48;2;86;140;36m▃[38;2;85;140;29;48;2;84;141;37m▂[38;2;85;141;35;48;2;84;143;42m▄[38;2;85;143;38;48;2;84;144;46m▄[38;2;84;144;38;48;2;87;146;47m▃[38;2;86;145;42;48;2;87;149;50m▆[38;2;86;143;42;48;2;86;147;48m▂[38;2;85;149;50;48;2;85;148;48m┝[38;2;86;145;43;48;2;84;148;48m▂[38;2;87;147;45;48;2;86;149;51m▂[38;2;88;150;47;48;2;86;149;48m╹[38;2;90;148;48;48;2;85;149;48m▖[38;2;82;147;47m╺[38;2;83;148;47;48;2;85;151;48m╴[38;2;87;149;45;48;2;87;151;50m▃[38;2;83;155;50;48;2;88;152;48m╹[38;2;87;148;49;48;2;91;150;52m▂[38;2;89;150;52;48;2;85;149;50m▎[0m
[38;2;130;148;23;48;2;127;148;18m▍[38;2;128;148;19;48;2;127;148;16m▎[38;2;125;143;11;48;2;126;147;15m▄[38;2;126;144;10;48;2;121;142;18m▅[38;2;121;141;13;48;2;118;138;24m▆[38;2;115;137;13;48;2;110;133;26m▅[38;2;109;134;15;48;2;103;128;29m▄[38;2;100;126;17;48;2;96;124;33m▄[38;2;95;120;27;48;2;91;118;41m▄[38;2;90;115;33;48;2;84;113;42m▄[38;2;79;110;34;48;2;72;107;44m▄[38;2;75;105;38;48;2;69;101;48m▃[38;2;66;100;45;48;2;60;95;51m▄[38;2;62;94;47;48;2;54;89;49m▖[38;2;52;88;50;48;2;46;82;51m▄[38;2;46;81;49;48;2;38;77;53m▖[38;2;37;74;51;48;2;31;71;55m▃[38;2;30;71;54;48;2;28;67;55m▄[38;2;29;67;59;48;2;28;66;55m╍[38;2;27;65;57;48;2;23;64;51m▂[38;2;22;60;49;48;2;23;62;51m┛[38;2;19;59;48;48;2;21;61;50m┗[38;2;18;61;49;48;2;16;56;44m▄[38;2;20;57;45;48;2;16;58;44m╍[38;2;13;54;42;48;2;17;57;44m▝[38;2;15;57;42;48;2;13;55;42m╷[38;2;12;52;43;48;2;13;53;39m▎[38;2;10;52;39;48;2;12;54;39m▘[38;2;14;51;39;48;2;11;50;38m▋[38;2;10;50;38;48;2;11;53;38m▏[38;2;12;51;41;48;2;10;51;36m▂[38;2;12;49;34;48;2;22;59;45m┊[38;2;57;84;71;48;2;184;190;187m▄[38;2;187;200;193;48;2;26;61;46m▖[38;2;39;72;56;48;2;12;51;35m▁[38;2;177;187;182;48;2;21;59;42m▗[38;2;244;246;246;48;2;59;86;73m▅[38;2;91;114;103;48;2;160;171;168m▚[38;2;151;164;156;48;2;33;64;49m▊[38;2;11;53;33;48;2;12;56;35m▏[38;2;12;56;34;48;2;32;66;45m▉[38;2;111;134;120;48;2;214;220;217m▎[38;2;157;172;161;48;2;28;64;44m▖[38;2;15;56;30;48;2;12;57;32m▗[38;2;39;71;49;48;2;14;58;30m▁[38;2;66;90;73;48;2;15;59;33m▁[38;2;14;57;26;48;2;15;59;31m▁[38;2;18;60;26;48;2;17;61;30m╷[38;2;46;80;55;48;2;229;235;231m▎[38;2;99;117;101;48;2;208;217;211m▘[38;2;110;131;114;48;2;24;66;29m▏[38;2;26;70;25;48;2;19;64;26m▃[38;2;32;72;24;48;2;22;64;26m▃[38;2;33;74;22;48;2;24;67;25m▃[38;2;35;76;22;48;2;27;68;24m▄[38;2;38;79;20;48;2;29;72;22m▃[38;2;42;83;20;48;2;33;76;23m▃[38;2;43;83;18;48;2;37;77;20m▄[38;2;114;142;92;48;2;49;87;27m▁[38;2;42;79;16;48;2;50;88;22m╵[38;2;57;92;17;48;2;43;82;17m▄[38;2;54;91;21;48;2;186;199;175m▊[38;2;168;182;158;48;2;228;233;224m╺[38;2;214;220;207;48;2;80;111;44m▊[38;2;71;103;13;48;2;57;90;16m▃[38;2;72;105;13;48;2;61;94;14m▃[38;2;76;107;11;48;2;63;98;12m▃[38;2;145;163;110;48;2;76;106;24m╻[38;2;80;111;9;48;2;69;103;10m▃[38;2;82;110;8;48;2;71;102;10m▅[38;2;87;115;7;48;2;76;108;13m▄[38;2;88;117;8;48;2;79;110;6m▃[38;2;175;186;137;48;2;92;119;22m▁[38;2;100;124;8;48;2;89;116;7m▂[38;2;97;122;4;48;2;88;118;7m▅[38;2;99;125;5;48;2;88;123;6m▅[38;2;103;127;6;48;2;91;124;7m▅[38;2;102;131;4;48;2;93;126;9m▅[38;2;101;132;5;48;2;94;129;12m▅[38;2;101;133;8;48;2;93;133;11m▄[38;2;102;136;10;48;2;93;136;14m▄[38;2;97;135;10;48;2;92;137;17m▄[38;2;97;137;13;48;2;91;136;21m▄[38;2;94;137;15;48;2;90;140;24m▄[38;2;91;138;20;48;2;87;140;27m▄[38;2;88;141;23;48;2;87;140;32m▅[38;2;88;140;27;48;2;88;144;35m▄[38;2;86;142;30;48;2;86;144;36m▅[38;2;87;142;35;48;2;89;144;39m▅[38;2;87;144;37;48;2;89;148;44m▆[38;2;87;146;35;48;2;86;144;40m━[38;2;88;143;35;48;2;89;145;40m▁[38;2;87;144;36;48;2;90;147;40m▁[38;2;89;146;38;48;2;87;147;44m▄[38;2;89;147;41;48;2;87;152;49m▇[38;2;89;146;41;48;2;86;149;46m▆[38;2;88;148;42;48;2;89;148;47m▅[38;2;87;149;41;48;2;90;149;45m▂[38;2;90;150;44;48;2;90;151;51m▆[38;2;89;150;47;48;2;90;148;45m▚[0m
[38;2;129;150;22;48;2;133;153;28m▝[38;2;132;150;24;48;2;128;147;17m▄[38;2;131;149;20;48;2;127;149;13m▃[38;2;129;149;14;48;2;124;148;12m▖[38;2;123;145;8;48;2;125;146;10m▝[38;2;123;144;10;48;2;119;140;9m▆[38;2;120;141;10;48;2;114;137;8m▖[38;2;104;131;15;48;2;110;135;11m▝[38;2;107;131;15;48;2;100;125;17m▄[38;2;97;122;14;48;2;94;119;21m▄[38;2;91;118;20;48;2;86;115;27m▄[38;2;85;114;26;48;2;78;107;29m▄[38;2;79;107;28;48;2;73;103;36m▄[38;2;71;102;33;48;2;65;96;38m▄[38;2;65;97;38;48;2;58;91;44m▄[38;2;57;91;40;48;2;49;87;47m▄[38;2;40;77;49;48;2;46;82;48m▝[38;2;43;80;45;48;2;35;72;51m▖[38;2;35;71;51;48;2;30;69;52m▏[38;2;29;66;46;48;2;27;66;53m▂[38;2;23;65;53;48;2;25;66;53m┗[38;2;22;65;53;48;2;23;63;52m╵[38;2;23;62;51;48;2;21;61;49m▎[38;2;23;61;51;48;2;19;59;46m▖[38;2;16;60;49;48;2;17;58;45m▖[38;2;16;57;42;48;2;13;53;39m▊[38;2;15;55;41;48;2;66;93;85m▉[38;2;215;223;221;48;2;61;88;79m▖[38;2;10;51;35;48;2;11;53;37m╴[38;2;13;55;39;48;2;11;53;38m▁[38;2;210;219;215;48;2;40;75;60m▗[38;2;229;233;231;48;2;23;61;42m▄[38;2;187;195;191;48;2;13;51;34m▅[38;2;225;231;228;48;2;73;99;87m━[38;2;206;211;208;48;2;24;61;43m▘[38;2;231;236;232;48;2;51;84;66m▝[38;2;73;97;82;48;2;226;229;227m▃[38;2;186;192;192;48;2;223;226;225m╴[38;2;222;226;220;48;2;53;86;66m▘[38;2;7;55;26;48;2;13;58;31m╌[38;2;120;137;122;48;2;17;58;34m▁[38;2;216;221;219;48;2;27;66;42m▃[38;2;187;199;190;48;2;37;70;48m▅[38;2;203;213;207;48;2;80;109;84m┙[38;2;32;73;37;48;2;198;206;199m▅[38;2;37;75;38;48;2;217;224;218m▆[38;2;150;167;151;48;2;51;85;51m▋[38;2;29;73;21;48;2;22;68;26m▃[38;2;36;77;28;48;2;175;186;175m▅[38;2;36;77;24;48;2;126;149;125m▆[38;2;32;75;24;48;2;36;77;20m╵[38;2;47;84;18;48;2;35;77;21m▃[38;2;49;87;18;48;2;40;79;18m▃[38;2;53;88;15;48;2;42;81;17m▄[38;2;45;83;18;48;2;51;87;16m╵[38;2;172;185;154;48;2;55;91;22m▁[38;2;54;94;8;48;2;56;92;15m╴[38;2;175;190;151;48;2;63;98;22m▁[38;2;62;93;21;48;2;216;222;205m▘[38;2;232;239;223;48;2;97;124;56m╸[38;2;76;108;10;48;2;64;101;14m▄[38;2;168;181;147;48;2;73;106;11m▝[38;2;84;113;20;48;2;209;215;194m▖[38;2;185;197;166;48;2;106;133;54m▎[38;2;87;117;6;48;2;78;110;9m▄[38;2;82;113;10;48;2;86;116;11m╵[38;2;232;235;220;48;2;96;121;27m▂[38;2;210;217;191;48;2;148;163;100m▊[38;2;97;123;16;48;2;134;154;71m▉[38;2;198;206;172;48;2;97;122;23m▅[38;2;196;204;162;48;2;105;129;22m▖[38;2;221;225;200;48;2;117;141;48m▗[38;2;227;232;216;48;2;170;182;123m▊[38;2;127;143;45;48;2;109;131;13m╴[38;2;111;132;6;48;2;108;130;5m▗[38;2;111;134;7;48;2;108;131;5m▖[38;2;112;136;6;48;2;106;132;5m▄[38;2;112;136;5;48;2;109;133;6m▂[38;2;112;135;5;48;2;109;132;7m▄[38;2;111;135;6;48;2;106;132;6m▇[38;2;109;136;4;48;2;105;135;7m▆[38;2;111;135;5;48;2;104;136;6m▄[38;2;107;137;4;48;2;101;137;8m▅[38;2;106;134;7;48;2;101;136;9m▄[38;2;105;133;7;48;2;97;137;11m▄[38;2;100;136;10;48;2;92;140;16m▆[38;2;98;135;8;48;2;90;139;18m▄[38;2;95;137;14;48;2;88;140;24m▅[38;2;92;139;17;48;2;89;141;30m▅[38;2;91;141;20;48;2;87;142;29m▄[38;2;91;140;22;48;2;89;140;31m▃[38;2;90;140;23;48;2;89;142;33m▂[38;2;85;140;24;48;2;88;143;34m▂[38;2;89;141;27;48;2;88;143;35m▂[38;2;91;140;29;48;2;88;143;34m▁[38;2;88;146;35;48;2;89;145;34m▘[38;2;90;145;33;48;2;88;144;37m▊[38;2;91;148;41;48;2;89;146;38m▝[38;2;92;149;42;48;2;89;147;37m▘[38;2;88;146;36;48;2;88;147;41m▄[0m
[38;2;135;153;34;48;2;138;155;43m▝[48;2;133;151;28m▆[38;2;132;152;32;48;2;131;152;24m▃[38;2;131;151;25;48;2;128;150;18m▄[38;2;130;149;21;48;2;128;149;16m▃[38;2;127;148;15;48;2;124;145;10m▆[38;2;123;144;12;48;2;119;141;11m▍[38;2;115;138;14;48;2;115;138;10m▗[38;2;106;131;12;48;2;110;134;13m┕[38;2;107;131;15;48;2;101;127;14m▖[38;2;96;124;17;48;2;93;120;24m▇[38;2;87;119;16;48;2;90;120;20m▃[38;2;84;115;21;48;2;82;112;24m▌[38;2;80;109;25;48;2;75;106;30m▇[38;2;75;105;31;48;2;70;100;33m▆[38;2;70;101;34;48;2;65;95;36m▅[38;2;64;97;38;48;2;56;89;40m▄[38;2;54;87;41;48;2;47;80;44m▆[38;2;36;73;47;48;2;45;82;44m▝[38;2;39;78;45;48;2;31;71;46m▃[38;2;33;70;45;48;2;28;67;51m▄[38;2;25;64;49;48;2;25;64;54m▅[38;2;21;63;47;48;2;22;63;52m━[38;2;22;64;50;48;2;21;62;48m┘[38;2;21;63;48;48;2;18;61;46m┏[38;2;18;59;44;48;2;14;59;43m▊[38;2;43;80;66;48;2;219;225;224m▋[38;2;12;55;37;48;2;174;184;178m▝[38;2;190;201;195;48;2;20;60;45m▄[38;2;15;52;39;48;2;19;59;41m╴[38;2;20;59;40;48;2;84;109;96m▉[38;2;198;206;201;48;2;31;67;48m▖[38;2;13;56;31;48;2;13;55;36m▂[38;2;17;57;38;48;2;13;55;34m╺[38;2;12;57;31;48;2;12;56;29m▉[38;2;15;53;30;48;2;15;56;31m╸[38;2;174;185;178;48;2;38;74;52m▗[38;2;201;210;205;48;2;80;103;85m▋[38;2;84;120;93;48;2;23;66;33m╴[38;2;158;175;164;48;2;39;78;47m▝[38;2;53;90;55;48;2;230;236;231m▄[38;2;34;74;34;48;2;195;203;195m▆[38;2;129;151;128;48;2;37;76;37m▂[38;2;34;75;22;48;2;26;69;25m▄[38;2;81;112;71;48;2;30;73;22m▁[38;2;197;209;190;48;2;35;75;24m▁[38;2;218;225;211;48;2;48;84;32m▂[38;2;235;239;231;48;2;43;82;28m▃[38;2;224;226;217;48;2;92;121;75m╼[38;2;203;212;193;48;2;41;77;16m▇[38;2;72;105;40;48;2;168;184;151m▆[38;2;55;88;14;48;2;59;93;15m╵[38;2;129;149;105;48;2;65;100;20m╺[38;2;74;107;22;48;2;184;195;168m▃[38;2;72;107;14;48;2;201;210;188m▃[38;2;83;114;25;48;2;194;204;178m▅[38;2;72;102;9;48;2;79;109;17m╵[38;2;92;120;29;48;2;176;184;153m▇[38;2;126;145;86;48;2;234;237;223m▎[38;2;208;215;191;48;2;90;119;25m▂[38;2;145;164;85;48;2;94;120;19m▁[38;2;194;204;167;48;2;128;148;64m▝[38;2;108;129;36;48;2;212;219;191m▖[38;2;101;127;18;48;2;172;184;137m▆[38;2;105;128;7;48;2;96;124;8m▅[38;2;217;220;195;48;2;109;129;23m▗[38;2;143;156;83;48;2;190;197;153m┎[38;2;239;240;229;48;2;162;174;108m▌[38;2;189;200;154;48;2;118;137;35m▄[38;2;155;170;100;48;2;239;240;228m▂[38;2;193;203;153;48;2;114;135;17m▏[38;2;208;215;178;48;2;132;149;52m━[38;2;236;239;222;48;2;167;177;118m▊[38;2;219;222;196;48;2;123;141;30m▖[38;2;116;137;7;48;2;111;132;3m▂[38;2;113;135;4;48;2;111;134;3m▆[38;2;128;145;53;48;2;111;134;5m▁[38;2;112;138;7;48;2;112;133;4m▂[38;2;112;134;5;48;2;113;135;6m▆[38;2;113;136;6;48;2;112;134;4m▌[38;2;112;134;6;48;2;110;137;5m▘[38;2;113;139;5;48;2;111;136;4m╺[38;2;109;136;4;48;2;110;136;5m┈[38;2;111;136;5;48;2;106;134;3m▆[38;2;110;135;5;48;2;106;135;6m▆[38;2;109;135;6;48;2;106;134;4m▌[38;2;109;136;7;48;2;104;136;5m▇[38;2;104;132;2;48;2;105;135;6m╻[38;2;105;137;6;48;2;102;137;5m▋[38;2;104;138;6;48;2;94;136;11m▇[38;2;105;138;7;48;2;96;138;12m▄[38;2;103;137;6;48;2;96;138;15m▅[38;2;100;137;6;48;2;92;137;15m▄[38;2;99;139;8;48;2;92;140;18m▄[38;2;98;138;11;48;2;93;139;23m▄[38;2;95;139;11;48;2;92;141;27m▄[38;2;94;141;15;48;2;93;144;25m▄[38;2;96;142;15;48;2;91;143;28m▃[38;2;93;143;19;48;2;91;143;32m▄[38;2;95;143;21;48;2;90;143;33m▃[0m
[38;2;142;161;54;48;2;140;159;47m▆[38;2;142;158;49;48;2;139;156;42m▖[38;2;138;155;39;48;2;133;153;32m▄[38;2;135;155;35;48;2;133;151;28m▄[38;2;136;154;31;48;2;132;151;24m▖[38;2;125;146;20;48;2;128;149;22m▝[38;2;127;148;21;48;2;123;143;18m▖[38;2;114;139;12;48;2;117;140;16m▝[38;2;110;135;18;48;2;107;132;15m▌[38;2;105;130;15;48;2;100;127;16m▊[38;2;98;125;18;48;2;96;124;17m▄[38;2;95;121;19;48;2;90;118;18m▌[38;2;86;115;21;48;2;83;112;22m▌[38;2;76;109;21;48;2;79;110;23m▁[38;2;74;106;22;48;2;73;105;27m▖[38;2;65;100;24;48;2;69;101;29m▂[38;2;63;94;38;48;2;63;97;31m▝[38;2;56;91;34;48;2;59;89;38m▆[38;2;55;89;37;48;2;49;84;37m▏[38;2;42;78;37;48;2;42;81;43m▄[38;2;37;77;45;48;2;35;73;41m▘[38;2;30;71;43;48;2;24;69;44m▅[38;2;28;67;48;48;2;24;65;47m▖[38;2;23;66;48;48;2;22;63;46m┒[38;2;23;65;46;48;2;20;63;47m▖[38;2;20;62;45;48;2;16;59;41m▊[38;2;41;76;62;48;2;232;237;235m▎[38;2;102;122;110;48;2;220;225;222m▗[38;2;111;130;119;48;2;209;218;212m▚[38;2;78;103;91;48;2;16;59;37m▏[38;2;33;69;51;48;2;167;179;172m▍[38;2;114;135;120;48;2;30;70;44m▏[38;2;20;63;33;48;2;15;58;32m▂[38;2;19;62;29;48;2;15;59;30m▃[38;2;16;64;28;48;2;17;59;31m▄[38;2;21;66;25;48;2;19;62;27m╷[38;2;164;178;164;48;2;64;96;70m▄[38;2;216;224;217;48;2;107;131;108m━[38;2;116;140;117;48;2;28;69;23m▘[38;2;34;74;23;48;2;26;68;24m▄[38;2;39;79;18;48;2;30;72;23m▃[38;2;43;82;30;48;2;116;144;105m▉[38;2;210;216;206;48;2;54;86;34m▊[38;2;48;86;18;48;2;38;79;18m▅[38;2;146;166;133;48;2;49;87;16m▝[38;2;66;102;33;48;2;245;246;241m▅[38;2;70;104;32;48;2;237;239;234m▆[38;2;208;216;193;48;2;97;123;64m▂[38;2;63;95;17;48;2;128;147;104m▉[38;2;137;158;110;48;2;224;228;218m▗[38;2;66;99;18;48;2;166;183;149m▄[38;2;59;92;13;48;2;62;96;15m┣[38;2;61;93;14;48;2;62;97;13m▆[38;2;59;93;14;48;2;65;96;13m▅[38;2;56;88;15;48;2;67;98;21m╴[38;2;204;211;197;48;2;83;110;38m▃[38;2;198;207;186;48;2;105;128;74m┛[38;2;59;91;10;48;2;74;104;23m╴[38;2;73;103;38;48;2;192;203;169m▃[38;2;72;105;12;48;2;202;212;178m▆[38;2;164;178;134;48;2;100;125;27m▗[38;2;215;220;194;48;2;140;158;91m┙[38;2;138;157;80;48;2;212;218;190m▍[38;2;248;249;242;48;2;142;159;76m━[38;2;198;206;165;48;2;118;136;36m▆[38;2;114;134;20;48;2;197;204;162m▆[38;2;205;211;172;48;2;122;142;27m▝[38;2;216;223;191;48;2;119;139;19m▘[38;2;114;134;5;48;2;113;132;23m▇[38;2;115;135;8;48;2;113;133;5m╏[38;2;110;131;2;48;2;114;133;8m╵[38;2;117;137;15;48;2;194;203;149m▃[38;2;212;218;183;48;2;118;137;21m▘[38;2;114;135;12;48;2;187;198;127m▇[38;2;113;136;4;48;2;113;134;5m╻[38;2;114;135;9;48;2;147;163;70m▉[38;2;117;136;19;48;2;214;220;184m▂[38;2;119;138;28;48;2;113;134;5m▏[38;2;111;134;4m┳[38;2;111;133;3;48;2;113;135;5m┃[38;2;111;132;3;48;2;113;134;6m▃[38;2;118;134;8;48;2;113;134;5m▖[38;2;113;133;4;48;2;111;135;5m╴[38;2;111;132;5;48;2;112;135;5m▗[38;2;111;133;6;48;2;108;132;6m▌[38;2;112;134;6;48;2;108;135;6m▗[38;2;111;136;7;48;2;110;135;6m┒[38;2;108;133;4;48;2;110;134;6m▃[38;2;113;133;5;48;2;109;135;5m▂[38;2;105;135;2m╏[38;2;105;133;3;48;2;109;137;6m╍[38;2;109;134;7;48;2;106;135;5m▋[38;2;108;136;7;48;2;105;134;4m▂[38;2;108;137;7;48;2;105;136;5m╍[38;2;104;137;8;48;2;105;136;3m▝[38;2;105;136;6;48;2;101;138;6m▂[38;2;103;137;5;48;2;102;139;9m▅[38;2;101;138;6;48;2;99;139;10m▆[38;2;101;139;6;48;2;97;141;12m▄[38;2;101;139;8;48;2;94;142;14m▆[0m
[38;2;151;164;71;48;2;144;162;57m▄[38;2;147;161;63;48;2;145;160;54m▂[38;2;144;161;54;48;2;141;156;46m▖[38;2;142;157;44;48;2;137;153;38m▅[38;2;139;155;40;48;2;136;153;34m▖[38;2;136;155;30;48;2;129;151;24m▆[38;2;133;150;27;48;2;129;150;22m▄[38;2;129;148;23;48;2;123;144;19m▄[38;2;124;143;20;48;2;116;138;18m▖[38;2;116;137;16;48;2;106;133;16m▂[38;2;103;129;16;48;2;99;124;16m▅[38;2;91;119;15;48;2;96;123;16m▝[38;2;85;113;21;48;2;88;116;16m▝[38;2;83;111;15;48;2;77;111;19m▂[38;2;78;108;20;48;2;71;104;20m▂[38;2;71;101;22;48;2;66;100;22m▖[38;2;63;96;22;48;2;58;94;23m▍[38;2;50;88;23;48;2;54;91;25m┌[38;2;46;85;25;48;2;48;86;32m▄[38;2;38;80;30;48;2;42;80;36m▅[38;2;34;74;31;48;2;36;75;37m▄[38;2;33;72;38;48;2;27;68;38m▍[38;2;23;67;37;48;2;24;67;45m▄[38;2;22;65;40;48;2;24;65;45m▅[38;2;20;64;41;48;2;22;64;45m▆[38;2;22;62;43;48;2;19;61;41m╵[38;2;26;68;47;48;2;199;209;204m▄[38;2;30;69;49;48;2;183;192;187m▇[38;2;14;56;28;48;2;29;69;43m┊[38;2;19;62;34;48;2;30;66;47m▉[38;2;142;160;146;48;2;35;73;43m▌[38;2;21;64;28;48;2;15;62;32m▆[38;2;27;67;24;48;2;22;63;28m▃[38;2;28;69;21;48;2;24;64;27m▂[38;2;30;70;19;48;2;24;68;25m▂[38;2;31;73;20;48;2;25;68;23m▄[38;2;34;75;19;48;2;24;69;21m▅[38;2;39;77;19;48;2;30;74;21m▆[38;2;41;80;18;48;2;33;75;22m▆[38;2;46;85;18;48;2;37;79;21m▆[38;2;52;87;15;48;2;46;83;18m▅[38;2;61;95;21;48;2;178;192;166m▅[38;2;161;175;145;48;2;60;96;19m▘[38;2;62;97;12;48;2;59;94;16m▅[38;2;67;101;11;48;2;63;96;13m▃[38;2;67;102;11;48;2;73;105;19m╴[38;2;72;108;28;48;2;185;196;164m▘[38;2;222;229;215;48;2;93;121;40m▘[38;2;173;185;146;48;2;88;116;39m▃[38;2;228;233;219;48;2;111;131;69m▂[38;2;239;243;235;48;2;76;107;29m▁[38;2;180;191;160;48;2;64;98;13m▖[38;2;62;92;13;48;2;67;97;18m╴[38;2;213;219;203;48;2;84;110;46m▃[38;2;136;152;114;48;2;228;232;221m▚[38;2;186;199;177;48;2;64;94;27m▘[38;2;57;91;16;48;2;54;86;18m▘[38;2;51;82;20;48;2;56;87;20m▆[38;2;45;78;20;48;2;49;81;21m┎[38;2;46;76;24;48;2;57;83;21m▇[38;2;42;74;24;48;2;50;79;16m▇[38;2;41;74;23;48;2;66;93;55m▉[38;2;189;198;182;48;2;66;93;50m▊[38;2;31;67;24;48;2;76;107;11m▅[38;2;37;69;23;48;2;90;120;9m▅[38;2;40;72;22;48;2;93;119;9m▄[38;2;44;77;20;48;2;95;122;9m▃[38;2;58;89;14;48;2;104;128;10m▃[38;2;66;96;11;48;2;107;131;6m▂[38;2;80;110;11;48;2;109;132;6m▂[38;2;94;120;8;48;2;111;133;5m▂[38;2;109;133;9;48;2;111;133;7m╷[38;2;112;133;3;48;2;112;134;6m╵[38;2;117;136;6;48;2;113;134;4m┒[38;2;113;133;4;48;2;113;135;5m┱[38;2;114;134;6;48;2;115;136;9m▇[38;2;114;135;6;48;2;113;133;5m▊[38;2;114;134;5;48;2;113;134;4m▋[38;2;114;136;6;48;2;112;134;5m▘[38;2;112;133;3;48;2;113;135;5m╶[38;2;110;131;2m╌[38;2;110;134;3;48;2;113;134;7m▂[38;2;111;130;1;48;2;112;134;5m╶[38;2;111;134;4;48;2;113;135;5m┕[38;2;112;135;6;48;2;111;134;4m▝[38;2;109;133;3;48;2;111;132;6m▍[38;2;108;133;4;48;2;111;134;4m▃[38;2;108;133;3;48;2;109;135;7m▌[38;2;111;134;7;48;2;110;133;5m╴[38;2;110;133;3;48;2;111;134;5m▚[38;2;109;132;4;48;2;111;133;4m▇[38;2;110;131;3;48;2;107;134;6m▂[38;2;105;130;0;48;2;108;133;4m╶[38;2;110;135;6;48;2;107;134;5m╴[38;2;107;132;2;48;2;107;133;4m╵[38;2;106;132;4;48;2;107;135;6m┲[38;2;108;134;5;48;2;105;133;5m▆[38;2;109;134;5;48;2;106;138;5m▂[38;2;105;135;4;48;2;106;137;5m┍[38;2;107;134;6;48;2;103;137;5m▁[0m
[38;2;162;168;82;48;2;154;166;76m▖[38;2;152;164;72;48;2;149;162;66m▆[38;2;150;163;64;48;2;145;161;58m▄[38;2;146;160;61;48;2;142;159;52m▄[38;2;144;159;52;48;2;139;157;43m▅[38;2;142;158;45;48;2;138;156;39m▄[38;2;136;155;40;48;2;133;152;31m▅[38;2;132;153;35;48;2;131;151;28m▃[38;2;130;148;29;48;2;124;144;22m▅[38;2;125;144;24;48;2;120;141;20m▖[38;2;119;140;21;48;2;110;136;16m▖[38;2;101;125;15;48;2;106;131;17m▝[38;2;104;127;17;48;2;96;121;14m▖[38;2;82;113;14;48;2;91;118;14m▝[38;2;85;112;15;48;2;80;109;16m▃[38;2;76;112;15;48;2;72;104;17m▖[38;2;71;100;18;48;2;65;98;22m▂[38;2;64;97;20;48;2;57;94;21m▂[38;2;56;91;21;48;2;48;86;22m▖[38;2;42;79;26;48;2;46;83;24m▝[38;2;41;80;25;48;2;35;75;26m▂[38;2;30;72;28;48;2;26;68;31m▅[38;2;25;70;30;48;2;22;65;30m▖[38;2;23;68;32;48;2;21;65;32m┓[38;2;21;64;31;48;2;23;66;35m┓[38;2;23;65;31;48;2;21;64;36m▅[38;2;24;67;28;48;2;20;65;33m▄[38;2;23;66;27;48;2;20;64;34m▄[38;2;26;69;26;48;2;23;65;31m▄[38;2;194;208;191;48;2;49;86;54m▗[38;2;121;144;119;48;2;31;73;29m▏[38;2;32;75;19;48;2;27;69;25m▃[38;2;35;75;19;48;2;29;71;24m▃[38;2;37;76;19;48;2;28;71;19m▅[38;2;43;79;17;48;2;35;74;20m▄[38;2;45;84;17;48;2;39;77;19m▃[38;2;49;85;14;48;2;41;79;17m▄[38;2;52;89;14;48;2;47;83;16m▃[38;2;56;92;14;48;2;48;87;15m▅[38;2;58;94;12;48;2;50;90;13m▆[38;2;67;99;11;48;2;62;95;13m▂[38;2;68;102;9;48;2;62;97;10m▃[38;2;71;105;8;48;2;65;99;11m▅[38;2;71;103;6;48;2;77;108;14m╵[38;2;214;221;198;48;2;83;114;23m▄[38;2;123;146;74;48;2;216;222;199m▚[38;2;95;123;26;48;2;142;160;107m▇[38;2;85;112;7;48;2;81;114;12m▇[38;2;77;107;7;48;2;81;110;9m┊[38;2;81;108;12;48;2;197;206;179m▆[38;2;78;107;12;48;2;212;219;200m▅[38;2;76;106;13;48;2;128;149;89m▇[38;2;70;99;12;48;2;79;108;18m╵[38;2;83;111;22;48;2;228;233;222m▆[38;2;67;100;11;48;2;78;107;18m╵[38;2;79;107;14;48;2;67;95;16m▅[38;2;78;107;11;48;2;61;93;16m▅[38;2;78;103;13;48;2;55;85;16m▅[38;2;74;103;16;48;2;52;82;20m▄[38;2;69;99;16;48;2;44;74;21m▄[38;2;64;94;17;48;2;39;71;20m▃[38;2;56;87;18;48;2;31;65;25m▂[38;2;45;79;18;48;2;26;58;24m▁[38;2;25;61;17;48;2;17;54;30m▁[38;2;11;47;24;48;2;14;49;34m▂[38;2;12;46;35;48;2;12;49;29m▅[38;2;9;44;33;48;2;19;57;30m▆[38;2;11;46;33;48;2;29;65;28m▅[38;2;16;51;31;48;2;40;74;23m▅[38;2;25;61;26;48;2;53;86;18m▅[38;2;34;69;24;48;2;65;95;16m▄[38;2;50;82;22;48;2;85;111;12m▅[38;2;59;91;16;48;2;93;119;11m▄[38;2;76;103;14;48;2;105;128;8m▄[38;2;82;112;11;48;2;108;131;6m▃[38;2;92;119;12;48;2;111;134;6m▂[38;2;106;129;10;48;2;113;134;5m▁[38;2;115;138;6;48;2;112;135;5m╍[38;2;111;132;5;48;2;112;135;6m▝[38;2;112;132;6;48;2;114;135;5m┯[38;2;113;135;5;48;2;111;134;4m▊[38;2;114;137;6;48;2;112;135;4m▝[38;2;109;134;3;48;2;111;135;6m▖[38;2;110;133;4;48;2;111;134;5m╴[38;2;109;134;5;48;2;108;131;2m▋[38;2;108;131;4;48;2;109;133;4m┷[38;2;108;133;6;48;2;105;130;3m▊[38;2;108;132;4;48;2;109;132;7m▚[38;2;107;132;4;48;2;111;134;8m▆[38;2;110;130;4;48;2;109;133;5m┓[38;2;108;132;3;48;2;110;133;8m▃[38;2;111;133;6;48;2;109;132;5m▝[38;2;112;134;6;48;2;109;131;4m┩[38;2;110;131;4;48;2;111;134;6m┻[38;2;110;133;5;48;2;107;131;6m▉[38;2;105;129;4;48;2;108;132;7m╼[38;2;110;135;6;48;2;110;132;4m▘[38;2;112;133;5;48;2;109;132;4m▂[38;2;108;132;4;48;2;109;134;5m▘[38;2;108;130;5;48;2;110;132;4m▝[0m
[38;2;164;172;94;48;2;162;169;85m▖[38;2;154;165;75;48;2;157;168;81m▝[38;2;155;166;74;48;2;151;163;69m▍[38;2;148;162;67;48;2;148;162;63m▍[38;2;147;162;62;48;2;145;159;57m▃[38;2;145;160;56;48;2;144;160;51m▂[38;2;141;158;49;48;2;140;156;45m▁[38;2;135;155;36;48;2;136;154;41m▝[38;2;131;151;29;48;2;134;153;35m▝[38;2;130;149;32;48;2;127;147;26m▅[38;2;128;148;31;48;2;123;143;25m▖[38;2;119;143;26;48;2;115;137;20m▃[38;2;116;137;21;48;2;109;132;19m▃[38;2;109;135;21;48;2;101;125;15m▂[38;2;101;124;20;48;2;91;119;16m▂[38;2;90;119;18;48;2;83;112;15m▃[38;2;82;113;17;48;2;73;106;15m▃[38;2;76;107;14;48;2;68;102;16m▖[38;2;66;98;14;48;2;59;92;17m▄[38;2;58;91;18;48;2;52;87;21m▄[38;2;49;87;20;48;2;42;81;24m▄[38;2;44;83;19;48;2;37;77;23m▃[38;2;40;79;21;48;2;31;72;24m▂[38;2;37;74;20;48;2;26;70;27m▂[38;2;32;72;24;48;2;26;68;27m▃[38;2;30;73;27;48;2;24;68;27m▆[38;2;31;74;25;48;2;26;71;26m▅[38;2;34;76;24;48;2;31;72;26m▁[38;2;40;82;32;48;2;119;144;115m▉[38;2;206;213;204;48;2;78;108;64m▋[38;2;40;80;19;48;2;35;76;22m▅[38;2;44;81;20;48;2;36;79;22m▅[38;2;50;86;18;48;2;43;79;18m▃[38;2;51;87;15;48;2;44;82;18m▄[38;2;58;91;17;48;2;47;85;15m▃[38;2;59;94;13;48;2;50;87;14m▄[38;2;64;96;14;48;2;56;92;12m▄[38;2;66;100;13;48;2;59;93;12m▄[38;2;75;105;12;48;2;65;99;12m▂[38;2;75;109;8;48;2;66;101;11m▃[38;2;78;108;7;48;2;70;102;10m▅[38;2;81;110;7;48;2;73;106;8m▅[38;2;84;113;8;48;2;77;109;9m▅[38;2;85;115;6;48;2;87;115;10m┊[38;2;90;118;8;48;2;187;199;162m▆[38;2;88;116;2;48;2;92;119;8m╵[38;2;87;116;6;48;2;88;116;8m▅[38;2;83;111;4;48;2;86;114;8m╲[38;2;79;109;8;48;2;81;111;9m┊[38;2;106;127;57;48;2;78;108;9m▁[38;2;78;108;12m▂[38;2;80;107;12;48;2;80;108;11m╷[38;2;79;107;11;48;2;81;108;9m╴[38;2;84;109;7;48;2;84;111;10m▚[38;2;83;111;10;48;2;82;110;10m▆[38;2;86;111;12;48;2;84;110;10m┊[38;2;86;112;12;48;2;83;109;8m╏[38;2;84;111;16;48;2;83;111;10m╹[38;2;83;110;15;48;2;84;112;10m▝[38;2;84;112;10;48;2;81;109;10m╴[38;2;86;110;13;48;2;80;107;11m▁[38;2;81;107;10;48;2;70;99;20m▇[38;2;81;108;12;48;2;65;99;19m▆[38;2;77;107;12;48;2;49;85;20m▆[38;2;80;108;12;48;2;40;76;22m▅[38;2;78;108;14;48;2;26;64;23m▅[38;2;80;109;12;48;2;21;60;21m▄[38;2;77;108;13;48;2;19;56;23m▃[38;2;63;94;17;48;2;14;49;27m▃[38;2;56;91;24;48;2;13;51;27m▂[38;2;37;71;19;48;2;13;48;29m▂[38;2;9;48;28;48;2;31;65;40m╴[38;2;171;182;175;48;2;29;63;30m▖[38;2;72;95;79;48;2;36;69;27m▁[38;2;42;60;44;48;2;46;78;22m▁[38;2;193;207;195;48;2;68;96;25m▁[38;2;208;216;203;48;2;88;112;20m▃[38;2;93;121;42;48;2;86;114;17m╴[38;2;79;108;13;48;2;107;130;8m▄[38;2;89;116;8;48;2;110;134;9m▃[38;2;100;126;9;48;2;111;132;5m▂[38;2;112;133;13;48;2;112;133;6m▁[38;2;113;136;6;48;2;111;134;5m╺[38;2;114;137;5;48;2;112;134;5m╸[38;2;109;132;4;48;2;110;133;6m╱[38;2;111;132;7;48;2;108;131;5m━[38;2;106;131;3;48;2;108;132;5m╺[38;2;109;134;7;48;2;107;132;4m▂[38;2;108;133;4;48;2;108;132;6m▖[38;2;112;134;7;48;2;108;131;4m╴[38;2;102;132;1;48;2;107;133;5m╴[38;2;107;130;3;48;2;109;132;4m▖[38;2;110;132;5;48;2;107;131;3m▋[38;2;109;132;4;48;2;107;132;3m▇[38;2;109;131;6;48;2;110;133;8m▘[38;2;106;130;5;48;2;108;132;7m╺[38;2;111;133;5;48;2;109;132;4m▁[48;2;109;130;3m▝[38;2;110;133;5;48;2;109;131;5m╹[38;2;109;131;7;48;2;108;131;4m▎[0m
[38;2;165;172;95;48;2;170;173;105m▝[38;2;168;171;98;48;2;159;169;89m▂[38;2;162;168;87;48;2;156;165;79m▅[38;2;159;167;81;48;2;152;165;71m▂[38;2;152;165;70;48;2;150;162;65m▖[38;2;147;161;61;48;2;144;160;57m▆[38;2;140;158;49;48;2;144;160;56m▝[38;2;144;159;51;48;2;139;156;45m▖[38;2;135;150;38;48;2;137;153;40m╹[38;2;132;149;37;48;2;131;150;33m▅[38;2;130;149;34;48;2;124;144;30m▂[38;2;125;145;29;48;2;120;142;26m▁[38;2;123;143;27;48;2;118;140;24m▁[38;2;105;132;22;48;2;111;134;22m▝[38;2;103;126;20;48;2;107;130;22m▝[38;2;101;127;18;48;2;98;122;18m▖[38;2;96;120;18;48;2;89;116;16m▖[38;2;80;112;16;48;2;84;114;18m┗[38;2;78;108;15;48;2;73;102;16m▆[38;2;71;104;14;48;2;62;98;14m▅[38;2;66;101;15;48;2;56;91;12m▅[38;2;61;96;14;48;2;53;88;16m▄[38;2;59;94;15;48;2;48;85;18m▃[38;2;53;89;16;48;2;43;81;19m▃[38;2;49;85;19;48;2;35;77;20m▅[38;2;47;86;19;48;2;38;78;20m▂[38;2;47;83;19;48;2;39;78;22m▄[38;2;49;87;20;48;2;43;82;20m╻[38;2;45;83;21;48;2;186;197;176m▌[38;2;193;205;185;48;2;47;85;20m▌[38;2;57;93;17;48;2;45;84;18m▃[38;2;59;93;12;48;2;47;85;17m▃[38;2;164;179;142;48;2;52;88;13m▗[38;2;202;208;190;48;2;59;95;21m▃[38;2;176;188;158;48;2;67;101;19m▖[38;2;73;103;11;48;2;65;98;10m▃[38;2;79;111;11;48;2;72;103;10m▁[38;2;220;224;206;48;2;93;121;41m╻[38;2;81;112;8;48;2;77;106;10m▆[38;2;85;115;7;48;2;81;111;8m▅[38;2;94;118;5;48;2;87;115;6m▄[38;2;98;122;5;48;2;91;119;9m▃[38;2;101;123;5;48;2;93;119;5m▄[38;2;101;124;6;48;2;94;120;5m▅[38;2;101;128;5;48;2;99;124;7m▃[38;2;95;121;4;48;2;101;124;6m▝[38;2;97;121;7;48;2;92;118;7m▅[38;2;97;121;20;48;2;193;202;164m▊[38;2;219;223;204;48;2;144;159;103m▋[38;2;110;131;56;48;2;200;209;179m▍[38;2;96;114;34;48;2;85;112;10m▏[38;2;87;114;9;48;2;81;109;8m▄[38;2;88;113;9;48;2;84;110;9m▃[38;2;84;110;14;48;2;85;111;10m┏[38;2;86;110;8;48;2;83;110;13m▅[38;2;87;111;12;48;2;83;110;9m╺[38;2;84;110;9;48;2;85;111;12m▊[38;2;231;235;220;48;2;96;121;33m▗[38;2;179;190;156;48;2;96;120;34m▅[38;2;228;232;215;48;2;105;125;53m▇[38;2;148;165;111;48;2;84;112;14m▏[38;2;85;112;11;48;2;83;111;10m▝[38;2;83;114;9;48;2;84;109;9m▗[38;2;88;114;8;48;2;84;112;8m▅[38;2;94;120;8;48;2;90;117;9m▗[38;2;98;124;8;48;2;93;120;9m▅[38;2;106;127;4;48;2;101;124;8m▄[38;2;107;131;5;48;2;95;124;8m▇[38;2;108;130;8;48;2;121;140;44m▉[38;2;204;212;174;48;2;100;125;32m▅[38;2;248;250;246;48;2;124;145;66m━[38;2;244;245;238;48;2;159;176;126m━[38;2;95;117;19;48;2;202;209;186m▗[38;2;124;143;77;48;2;192;200;180m▖[38;2;64;93;31;48;2;207;214;208m▆[38;2;35;68;19;48;2;175;186;180m▆[38;2;28;62;24;48;2;122;138;116m▇[38;2;23;58;25;48;2;47;80;20m▆[38;2;22;57;24;48;2;50;82;20m▄[38;2;26;61;22;48;2;60;93;16m▃[38;2;43;77;20;48;2;76;107;9m▄[38;2;58;91;20;48;2;90;116;10m▄[38;2;73;102;14;48;2;100;127;8m▄[38;2;77;106;12;48;2;109;130;8m▃[38;2;85;113;8;48;2;105;129;6m▂[38;2;98;122;7;48;2;109;131;7m▂[38;2;110;133;7;48;2;107;130;7m┙[38;2;107;128;3;48;2;109;131;6m┃[38;2;111;133;6;48;2;108;131;5m╹[38;2;110;132;6;48;2;106;131;6m▄[38;2;105;132;3;48;2;108;132;6m╍[38;2;108;133;6;48;2;106;131;4m┚[38;2;107;133;5;48;2;108;130;6m╴[38;2;105;131;3;48;2;109;131;6m╺[38;2;106;130;5;48;2;107;131;7m▂[38;2;110;132;8;48;2;108;131;7m┏[38;2;106;130;5;48;2;109;132;6m┓[38;2;103;129;3;48;2;109;131;4m╺[38;2;108;132;7;48;2;108;130;4m▅[38;2;108;130;6;48;2;106;129;4m▚[0m
[38;2;174;173;111;48;2;180;175;120m▝[38;2;168;171;102;48;2;174;173;111m▝[38;2;170;170;102;48;2;165;169;93m▆[38;2;163;168;92;48;2;159;165;84m▆[38;2;157;166;83;48;2;152;164;74m▅[38;2;155;165;74;48;2;149;160;65m▄[38;2;150;162;66;48;2;149;161;58m▂[38;2;140;157;50;48;2;145;159;54m▝[38;2;144;158;49;48;2;138;156;44m▖[38;2;138;156;45;48;2;135;152;41m▖[38;2;134;152;38;48;2;132;151;34m▎[38;2;133;152;35;48;2;129;148;30m╸[38;2;127;146;28;48;2;125;145;24m▌[38;2;124;145;24;48;2;113;138;21m▆[38;2;120;144;20;48;2;112;134;21m▅[38;2;119;140;21;48;2;105;131;20m▅[38;2;114;134;20;48;2;99;124;16m▃[38;2;104;129;17;48;2;94;119;15m▂[38;2;96;123;16;48;2;85;115;13m▃[38;2;88;119;13;48;2;78;109;11m▂[38;2;83;111;10;48;2;73;104;11m▂[38;2;77;107;10;48;2;67;101;13m▄[38;2;74;105;10;48;2;69;100;16m▄[38;2;71;104;9;48;2;64;97;14m▄[38;2;69;101;12;48;2;57;95;16m▅[38;2;67;99;13;48;2;56;91;19m▅[38;2;66;100;13;48;2;51;90;14m▅[38;2;67;99;14;48;2;56;90;18m▄[38;2;66;102;15;48;2;56;93;15m▄[38;2;67;101;16;48;2;60;93;17m▅[38;2;73;104;14;48;2;66;98;15m▂[38;2;72;104;10;48;2;64;97;16m▆[38;2;78;104;27;48;2;221;226;210m▍[38;2;214;221;203;48;2;146;163;115m▍[38;2;225;231;215;48;2;100;123;35m▘[38;2;86;115;6;48;2;78;108;10m▅[38;2;96;118;15;48;2;84;115;8m▂[38;2;118;138;54;48;2;190;202;163m▆[38;2;204;212;183;48;2;106;129;36m▌[38;2;96;122;6;48;2;89;117;7m▆[38;2;104;126;9;48;2;95;120;5m▂[38;2;104;127;7;48;2;96;124;4m▂[38;2;103;131;9;48;2;100;126;5m╻[38;2;105;130;8;48;2;101;126;4m▂[38;2;106;129;5;48;2;103;126;3m▃[38;2;109;130;3;48;2;100;127;5m▄[38;2;105;128;4;48;2;95;122;5m▆[38;2;169;181;129;48;2;98;124;5m▝[38;2;125;144;73;48;2;192;200;161m┗[38;2;102;125;18;48;2;196;205;167m▗[38;2;102;124;9;48;2;93;121;8m▂[38;2;98;122;6;48;2;94;118;8m▄[38;2;98;121;8;48;2;92;116;6m▄[38;2;96;121;5;48;2;92;117;9m▂[38;2;94;118;8;48;2;88;116;11m▄[38;2;93;117;8;48;2;87;114;9m▄[38;2;82;111;13;48;2;88;114;8m╵[38;2;115;135;57;48;2;191;199;167m▗[38;2;85;113;10;48;2;96;120;25m╴[38;2;82;107;10;48;2;198;205;176m▁[38;2;194;205;173;48;2;106;128;44m┛[38;2;83;111;11;48;2;84;111;10m╴[38;2;84;110;10;48;2;88;114;9m▍[38;2;98;122;9;48;2;90;117;8m▗[38;2;97;122;2;48;2;105;128;22m╴[38;2;185;197;145;48;2;104;126;10m▖[38;2;108;129;10;48;2;109;130;5m▏[38;2;109;132;4;48;2;110;134;6m▍[38;2;113;134;5;48;2;112;134;6m╴[38;2;111;134;6;48;2;106;132;6m▇[38;2;115;134;18;48;2;111;134;6m▁[38;2;119;140;25;48;2;157;172;96m▇[38;2;109;132;6;48;2;114;135;13m┊[38;2;107;128;12;48;2;113;136;14m╵[38;2;138;156;62;48;2;105;129;9m▁[38;2;108;128;7;48;2;77;104;10m▆[38;2;105;129;9;48;2;67;96;14m▅[38;2;101;125;7;48;2;54;87;15m▄[38;2;87;112;8;48;2;39;73;23m▄[38;2;77;107;9;48;2;30;64;22m▃[38;2;58;89;13;48;2;21;57;26m▃[38;2;47;80;15;48;2;23;57;24m▂[38;2;21;58;22;48;2;44;77;22m▆[38;2;21;58;23;48;2;57;90;18m▆[38;2;24;61;23;48;2;64;96;16m▅[38;2;31;67;19;48;2;74;103;11m▄[38;2;46;80;13;48;2;89;115;9m▄[38;2;58;89;13;48;2;98;123;8m▃[38;2;66;97;11;48;2;99;125;9m▂[38;2;85;114;10;48;2;103;128;6m▂[38;2;98;123;8;48;2;105;129;7m▁[38;2;109;129;8;48;2;104;128;6m▝[38;2;101;128;11;48;2;107;129;4m▁[38;2;106;131;5;48;2;109;131;6m┌[38;2;107;129;5;48;2;109;132;5m▄[38;2;105;130;5;48;2;106;131;7m▘[38;2;106;129;5;48;2;108;131;6m▗[38;2;103;132;5;48;2;107;130;5m┗[38;2;112;132;8;48;2;109;131;4m▏[38;2;106;128;4;48;2;106;131;6m┓[0m
[38;2;191;178;135;48;2;186;175;129m▎[38;2;178;173;117;48;2;184;175;126m▝[38;2;177;174;119;48;2;171;171;110m▅[38;2;173;173;111;48;2;168;169;100m▅[38;2;168;173;103;48;2;163;168;91m▅[38;2;160;169;92;48;2;155;165;81m▅[38;2;157;165;81;48;2;151;163;70m▄[38;2;152;163;71;48;2;149;161;62m▖[38;2;147;159;63;48;2;146;158;55m▖[38;2;144;157;53;48;2;141;155;47m▂[38;2;133;151;38;48;2;137;153;46m▝[38;2;134;152;41;48;2;131;150;35m▂[38;2;127;146;27;48;2;129;148;32m▝[38;2;127;146;28;48;2;125;146;21m▖[38;2;124;146;21;48;2;123;145;20m┈[38;2;123;143;20;48;2;121;141;16m╍[38;2;118;141;14;48;2;118;139;18m▇[38;2;114;140;12;48;2;111;133;15m▆[38;2;115;137;10;48;2;105;129;13m▅[38;2;113;135;10;48;2;100;124;10m▅[38;2;112;134;9;48;2;97;122;9m▄[38;2;107;130;8;48;2;92;117;9m▄[38;2;102;127;7;48;2;86;112;11m▅[38;2;97;122;6;48;2;79;108;7m▅[38;2;94;120;8;48;2;77;106;9m▅[38;2;92;120;7;48;2;77;108;9m▄[38;2;90;118;8;48;2;77;110;9m▄[38;2;89;117;6;48;2;78;109;9m▃[38;2;84;113;6;48;2;76;107;11m▅[38;2;86;114;7;48;2;79;110;13m▄[38;2;87;116;8;48;2;79;110;8m▄[38;2;90;116;8;48;2;80;113;8m▅[38;2;91;120;16;48;2;138;157;96m▇[38;2;190;203;168;48;2;104;125;37m▊[38;2;97;124;8;48;2;91;117;9m▅[38;2;92;118;12;48;2;100;125;11m╵[38;2;240;243;229;48;2;153;169;104m▗[38;2;174;186;135;48;2;245;246;240m▚[38;2;162;178;105;48;2;112;134;20m▏[38;2;108;129;6;48;2;104;128;5m┳[38;2;109;132;4;48;2;106;128;4m▖[38;2;106;129;2;48;2;109;132;7m╵[38;2;223;228;205;48;2;123;144;37m▗[38;2;222;226;197;48;2;142;158;69m┙[38;2;108;131;3;48;2;110;133;6m▝[38;2;109;133;4;48;2;111;134;5m▋[38;2;196;206;141;48;2;115;135;12m▁[38;2;237;243;216;48;2;113;135;12m▁[38;2;249;252;235;48;2;116;136;26m▁[38;2;239;242;227;48;2;116;139;30m▂[38;2;237;240;223;48;2;125;144;44m▖[38;2;106;130;6;48;2;102;126;6m▆[38;2;106;129;6;48;2;104;125;8m▅[38;2;100;124;3;48;2;105;127;9m╵[38;2;186;196;147;48;2;108;131;22m▂[38;2;166;179;115;48;2;100;124;10m▖[38;2;103;126;5;48;2;96;121;6m▃[38;2;100;124;5;48;2;92;119;6m▅[38;2;96;118;6;48;2;99;123;12m╵[38;2;180;192;146;48;2;97;123;15m▁[38;2;90;116;10;48;2;95;121;15m╵[38;2;88;112;8;48;2;96;120;15m╵[38;2;207;212;180;48;2;103;127;28m▅[38;2;167;179;119;48;2;103;127;16m╸[38;2;105;128;16;48;2;208;215;182m▋[38;2;237;239;225;48;2;116;136;25m▌[38;2;221;226;193;48;2;120;140;28m╺[38;2;217;222;190;48;2;111;133;13m▅[38;2;169;182;104;48;2;119;139;22m▏[38;2;108;131;3;48;2;112;134;7m┊[38;2;119;139;28;48;2;201;208;167m▘[38;2;209;216;174;48;2;113;135;15m▘[38;2;108;131;5;48;2;111;134;8m╵[38;2;135;154;60;48;2;233;236;219m▌[38;2;118;137;29;48;2;223;227;201m▝[38;2;152;167;84;48;2;112;135;13m▏[38;2;109;133;5;48;2;111;134;7m╌[38;2;114;136;7;48;2;111;134;6m╶[38;2;110;132;3;48;2;112;133;7m▍[38;2;119;139;23;48;2;162;177;100m▉[38;2;197;207;158;48;2;117;139;29m▖[38;2;101;127;9;48;2;111;133;23m┊[38;2;108;131;7;48;2;65;94;11m▆[38;2;108;133;7;48;2;56;88;12m▅[38;2;103;128;9;48;2;42;74;16m▅[38;2;100;127;10;48;2;42;74;18m▄[38;2;97;121;10;48;2;43;76;18m▃[38;2;92;119;8;48;2;46;77;16m▂[38;2;75;104;8;48;2;48;80;17m▂[38;2;71;102;10;48;2;57;87;13m▁[38;2;61;91;14;48;2;80;110;12m▆[38;2;67;97;11;48;2;94;121;8m▆[38;2;71;102;9;48;2;97;127;6m▅[38;2;78;106;9;48;2;100;126;6m▄[38;2;85;112;8;48;2;102;128;7m▃[38;2;90;117;3;48;2;104;128;6m▂[38;2;98;122;5;48;2;104;129;6m▂[38;2;104;127;4;48;2;106;129;7m╉[38;2;103;126;3;48;2;106;131;5m┐[38;2;104;129;6;48;2;107;130;7m━[0m
[38;2;195;175;142;48;2;191;175;136m▌[38;2;191;176;137;48;2;188;174;130m▅[38;2;189;176;132;48;2;182;173;125m▏[38;2;182;174;123;48;2;176;173;118m▂[38;2;176;174;117;48;2;172;172;111m▖[38;2;167;169;98;48;2;170;171;106m▝[38;2;159;167;84;48;2;166;169;94m▝[38;2;160;166;88;48;2;156;163;79m▖[38;2;149;161;66;48;2;154;163;72m▝[38;2;151;160;65;48;2;145;157;59m▖[38;2;141;155;52;48;2;139;153;49m▅[38;2;138;154;47;48;2;135;151;43m▅[38;2;128;148;35;48;2;133;152;41m▝[38;2;130;149;34;48;2;128;147;30m▅[38;2;124;144;24;48;2;125;145;27m┖[38;2;115;138;25;48;2;120;142;23m▗[38;2;111;132;18;48;2;117;139;16m▄[38;2;105;128;14;48;2;117;139;11m▄[38;2;102;126;13;48;2;116;137;10m▂[38;2;107;128;11;48;2;114;135;9m▂[38;2;104;128;5;48;2;113;134;6m▁[38;2;113;134;6;48;2;111;134;7m▌[38;2;107;134;4;48;2;110;134;5m▖[38;2;111;132;5;48;2;108;132;5m▆[38;2;108;129;7;48;2;110;133;7m▘[38;2;111;134;6;48;2;106;128;6m▆[38;2;110;132;6;48;2;103;126;6m▆[38;2;111;134;8;48;2;103;125;6m▅[38;2;110;131;6;48;2;96;124;6m▅[38;2;109;133;5;48;2;98;122;7m▄[38;2;107;131;4;48;2;97;120;8m▄[38;2;105;129;5;48;2;95;121;8m▃[38;2;104;129;19;48;2;217;225;194m▊[38;2;241;244;233;48;2;152;168;106m▊[38;2;219;224;207;48;2;119;141;39m╸[38;2;238;241;218;48;2;145;161;80m╼[38;2;123;142;31;48;2;216;222;191m▄[38;2;226;230;209;48;2;128;145;39m▝[38;2;121;140;34;48;2;204;210;174m▃[38;2;180;190;127;48;2;115;136;16m╸[38;2;182;192;139;48;2;111;132;14m▗[38;2;126;145;48;48;2;214;220;189m▘[38;2;242;242;233;48;2;126;146;58m▘[38;2;209;217;184;48;2;109;131;15m▃[38;2;230;232;215;48;2;112;132;18m▁[38;2;222;225;198;48;2;120;138;32m▗[38;2;109;132;19;48;2;170;182;115m▆[38;2;112;133;23;48;2;246;247;240m▆[38;2;127;146;53;48;2;232;235;219m▅[38;2;230;234;216;48;2;143;159;78m▌[38;2;144;164;75;48;2;112;133;15m▏[38;2;106;128;4;48;2;108;130;6m┊[38;2;172;185;121;48;2;108;130;8m▝[38;2;113;134;18;48;2;228;232;211m▄[38;2;112;132;11;48;2;189;199;151m▅[38;2;108;136;8;48;2;109;131;5m╴[38;2;112;136;8;48;2;108;130;6m▂[38;2;191;201;153;48;2;121;141;38m▗[38;2;129;148;54;48;2;210;215;183m▘[38;2;129;147;52;48;2;230;233;214m▄[38;2;98;126;2;48;2;108;131;19m╵[38;2;101;124;6;48;2;103;128;6m╵[38;2;103;128;4;48;2;116;136;48m▇[38;2;106;131;11;48;2;105;129;7m╱[38;2;116;139;25;48;2;210;216;182m▅[38;2;113;134;13;48;2;146;163;72m▇[38;2;110;132;3;48;2;112;134;6m╽[38;2;109;133;5;48;2;110;134;8m▗[38;2;112;136;8;48;2;110;133;5m▚[38;2;110;132;10;48;2;146;161;80m▉[38;2;201;210;164;48;2;117;137;24m▍[38;2;111;133;6;48;2;112;135;9m╴[38;2;123;145;37;48;2;201;210;166m▖[38;2;135;153;59;48;2;242;244;231m▗[38;2;115;136;15;48;2;185;197;145m▆[38;2;110;136;11;48;2;112;135;6m╴[38;2;112;134;5;48;2;112;133;5m▇[38;2;114;135;6;48;2;113;134;4m▁[38;2;113;136;5;48;2;111;132;3m▂[38;2;183;192;134;48;2;112;134;9m▝[38;2;113;135;10;48;2;170;184;121m▆[38;2;110;135;2;48;2;114;136;11m╵[38;2;112;137;8;48;2;111;134;6m╶[38;2;109;133;4;48;2;111;134;5m╸[38;2;110;136;7;48;2;110;134;5m▝[38;2;108;130;3;48;2;111;133;5m┖[38;2;110;133;5;48;2;114;132;5m▚[38;2;107;131;3;48;2;110;133;5m╹[38;2;110;134;4;48;2;103;131;9m▇[38;2;110;133;6;48;2;93;120;11m▇[38;2;111;133;5;48;2;86;111;6m▆[38;2;109;133;5;48;2;80;109;9m▅[38;2;110;133;7;48;2;81;111;7m▄[38;2;105;132;5;48;2;82;109;8m▄[38;2;106;128;6;48;2;83;111;7m▄[38;2;107;130;3;48;2;90;118;4m▃[38;2;108;131;3;48;2;97;122;7m▃[38;2;109;133;3;48;2;101;126;8m▄[38;2;113;136;5;48;2;105;130;5m▄[38;2;113;135;8;48;2;111;134;5m╹[0m
[38;2;201;176;153;48;2;197;177;147m▄[38;2;195;177;146;48;2;188;172;138m▇[38;2;193;175;139;48;2;188;173;134m▋[38;2;186;174;135;48;2;184;174;128m▅[38;2;175;173;117;48;2;182;174;125m▝[38;2;180;171;121;48;2;175;173;112m▖[38;2;175;172;108;48;2;170;170;100m▃[38;2;160;167;87;48;2;166;170;95m▝[38;2;160;166;86;48;2;156;163;77m▖[38;2;148;159;64;48;2;153;163;72m▝[38;2;151;161;65;48;2;145;158;58m▖[38;2;144;156;55;48;2;140;155;48m▖[38;2;136;153;45;48;2;135;150;42m▊[38;2;132;149;39;48;2;130;148;35m▅[38;2;125;142;28;48;2;128;147;32m▝[38;2;123;144;28;48;2;118;140;25m▌[38;2;115;138;24;48;2;111;134;19m▌[38;2;108;132;17;48;2;102;128;17m▖[38;2;99;124;18;48;2;96;121;15m▖[38;2;91;117;11;48;2;99;123;12m▆[38;2;85;113;9;48;2;96;121;9m▄[38;2;87;115;9;48;2;100;124;4m▅[38;2;84;116;7;48;2;100;126;7m▄[38;2;88;116;6;48;2;103;128;6m▅[38;2;91;118;5;48;2;106;130;6m▄[38;2;94;120;8;48;2;109;132;7m▄[38;2;94;120;6;48;2;109;132;6m▃[38;2;97;124;3;48;2;111;133;6m▂[38;2;101;127;5;48;2;112;135;6m▂[38;2;103;131;6;48;2;112;135;4m▁[38;2;110;134;4;48;2;113;135;6m▂[38;2;212;218;183;48;2;146;161;75m┏[38;2;196;203;156;48;2;120;140;31m▝[38;2;239;241;228;48;2;123;143;29m▘[38;2;112;134;5;48;2;107;130;3m▇[38;2;116;137;8;48;2;112;134;5m┳[38;2;236;237;226;48;2;127;146;39m▗[38;2;224;228;204;48;2;119;140;25m▅[38;2;148;165;65;48;2;113;135;8m▏[38;2;113;133;7;48;2;113;135;4m╸[38;2;115;137;14;48;2;202;211;165m▆[38;2;111;134;7;48;2;141;159;74m▇[38;2;110;133;5;48;2;101;126;6m▆[38;2;106;128;11;48;2;156;170;112m▇[38;2;104;128;22;48;2;234;239;225m▆[38;2;96;122;21;48;2;204;212;183m▆[38;2;97;123;25;48;2;147;163;101m▉[38;2;177;188;146;48;2;95;119;15m▖[38;2;95;122;23;48;2;230;234;215m▌[38;2;122;144;64;48;2;219;224;203m▆[38;2;106;131;8;48;2;97;123;10m╵[38;2;90;117;7;48;2;104;128;5m▂[38;2;98;120;9;48;2;103;127;5m▂[38;2;100;123;8;48;2;104;127;5m▁[38;2;103;126;6;48;2;106;129;7m▄[38;2;177;188;133;48;2;111;132;17m▁[38;2;198;206;164;48;2;132;151;54m▖[38;2;162;172;106;48;2;112;134;17m╸[38;2;121;138;42;48;2;218;224;195m▎[38;2;139;156;72;48;2;108;132;9m▏[38;2;109;132;14;48;2;199;207;168m▄[38;2;119;140;34;48;2;213;219;186m▃[38;2;212;219;190;48;2;120;140;32m╸[38;2;107;130;2;48;2;110;132;5m┧[38;2;108;131;4;48;2;110;133;6m┙[38;2;109;135;4;48;2;111;134;6m▄[38;2;113;137;6;48;2;111;133;4m╸[38;2;113;131;2;48;2;113;134;4m▝[38;2;113;135;5;48;2;109;134;5m▅[38;2;114;136;16;48;2;186;196;142m▉[38;2;230;233;209;48;2;117;136;24m▌[38;2;113;134;6;48;2;111;132;4m┡[38;2;113;135;15;48;2;221;226;201m▋[38;2;196;205;157;48;2;117;137;18m▎[38;2;111;133;3;48;2;113;134;5m▃[38;2;112;133;1;48;2;113;136;5m╸[38;2;113;134;5;48;2;114;134;6m▘[38;2;115;136;7;48;2;113;135;5m┏[38;2;113;136;7;48;2;113;136;5m▅[38;2;112;137;5;48;2;114;135;5m▎[38;2;113;133;2;48;2;113;136;4m┛[38;2;115;136;5;48;2;113;135;4m▃[38;2;113;134;4;48;2;115;137;7m┷[38;2;110;133;3;48;2;114;135;5m▘[38;2;112;135;4;48;2;113;136;6m▄[38;2;112;134;4m╽[38;2;112;134;5;48;2;113;135;7m╱[38;2;115;136;8;48;2;112;133;4m▂[38;2;112;133;3;48;2;112;135;5m╴[38;2;110;133;3;48;2;112;134;5m╈[38;2;113;136;6;48;2;111;134;3m┏[38;2;110;133;2;48;2;112;134;4m┻[38;2;115;135;7;48;2;111;133;5m╸[38;2;112;134;6;48;2;111;133;3m▅[38;2;110;133;3;48;2;111;134;5m┙[38;2;113;134;6;48;2;111;132;4m▊[38;2;114;135;6;48;2;112;134;5m▅[38;2;114;138;5;48;2;108;136;3m▅[38;2;110;136;3;48;2;116;137;5m▏[38;2;117;138;5;48;2;114;135;5m▃[0m
[38;2;203;177;160;48;2;201;177;155m▆[38;2;201;175;154;48;2;196;176;149m▆[38;2;195;175;151;48;2;194;173;146m┓[38;2;193;173;142;48;2;190;172;137m▊[38;2;193;172;138;48;2;188;174;134m▂[38;2;186;174;130;48;2;182;173;123m▄[38;2;179;171;120;48;2;174;172;111m▅[38;2;174;169;111;48;2;169;169;102m▅[38;2;172;169;106;48;2;166;166;93m▖[38;2;154;161;76;48;2;163;164;85m▝[38;2;147;158;66;48;2;154;163;75m▝[38;2;153;161;68;48;2;145;155;60m▂[38;2;144;157;57;48;2;140;153;49m▂[38;2;137;153;45;48;2;133;149;41m▍[38;2;132;148;37;48;2;129;146;32m▊[38;2;128;145;32;48;2;126;145;29m▖[38;2;124;142;26;48;2;120;141;23m▊[38;2;110;135;17;48;2;119;139;20m▝[38;2;113;138;14;48;2;106;127;14m▄[38;2;106;130;12;48;2;95;122;12m▃[38;2;98;125;10;48;2;87;115;13m▂[38;2;87;115;11;48;2;76;109;10m▃[38;2;71;104;9;48;2;75;108;10m┷[38;2;70;102;10;48;2;77;110;11m▆[38;2;66;100;12;48;2;79;109;8m▄[38;2;69;101;11;48;2;81;112;7m▄[38;2;70;104;9;48;2;85;112;8m▃[38;2;73;106;8;48;2;87;113;6m▃[38;2;76;109;10;48;2;91;117;8m▃[38;2;82;110;8;48;2;96;120;7m▄[38;2;85;112;7;48;2;100;122;8m▄[38;2;212;220;191;48;2;102;125;25m▝[38;2;191;199;154;48;2;110;131;23m▘[38;2;106;128;6;48;2;112;135;5m▅[38;2;109;132;5;48;2;113;136;8m▅[38;2;109;132;6;48;2;112;134;5m▂[38;2;122;142;32;48;2;211;217;180m▃[38;2;114;134;13;48;2;196;203;157m▄[38;2;111;133;4;48;2;115;134;8m╴[38;2;116;134;5;48;2;112;134;4m▝[38;2;113;136;6;48;2;112;133;4m▅[38;2;111;134;4;48;2;115;136;5m▂[38;2;112;135;3;48;2;112;136;5m▎[38;2;110;134;3;48;2;112;135;5m╎[38;2;111;135;4;48;2;104;133;4m▇[38;2;172;184;127;48;2;106;129;12m▗[38;2;200;210;178;48;2;137;155;68m┛[38;2;87;114;7;48;2;96;121;12m╵[38;2;207;214;188;48;2;129;147;76m━[38;2;225;229;213;48;2;88;115;35m▃[38;2;228;232;220;48;2;77;106;20m▂[38;2;149;167;126;48;2;73;103;9m▖[38;2;69;101;12;48;2;79;111;6m▅[38;2;72;102;10;48;2;87;115;7m▅[38;2;73;105;9;48;2;91;120;5m▅[38;2;82;109;10;48;2;171;183;128m▆[38;2;82;104;7;48;2;93;119;12m╴[38;2;83;112;7;48;2;105;128;6m▃[38;2;89;117;6;48;2;104;130;7m▂[38;2;97;124;5;48;2;108;131;5m▁[38;2;109;134;5;48;2;106;131;3m▅[38;2;111;134;5;48;2;106;129;5m▇[38;2;113;134;5;48;2;108;132;6m▂[38;2;109;130;3;48;2;111;134;4m▘[38;2;110;133;3;48;2;111;134;3m╵[38;2;109;133;4;48;2;112;135;5m▂[38;2;112;135;7;48;2;109;134;5m▚[38;2;108;135;5;48;2;111;134;4m▎[38;2;112;138;7;48;2;110;135;4m╼[38;2;110;131;5;48;2;113;134;8m╵[38;2;113;134;7;48;2;136;153;54m▇[38;2;111;134;3;48;2;113;137;6m▊[38;2;181;193;130;48;2;115;137;15m▝[38;2;180;190;136;48;2;124;143;33m▖[38;2;115;135;9;48;2;113;135;6m┏[38;2;113;134;2m▂[38;2;110;134;2;48;2;113;135;4m╏[38;2;114;136;6;48;2;112;135;4m▍[38;2;115;135;3;48;2;113;135;5m▂[38;2;109;141;6;48;2;112;135;3m▁[38;2;114;135;4;48;2;115;136;6m▄[38;2;110;133;3;48;2;113;136;5m╹[38;2;115;137;6;48;2;114;135;5m┎[38;2;115;137;8;48;2;113;135;5m┃[38;2;110;133;1;48;2;114;135;4m╸[38;2;117;138;6;48;2;112;135;3m╻[38;2;120;137;6;48;2;114;136;4m╺[38;2;119;137;6;48;2;115;136;4m┙[38;2;114;136;4;48;2;111;134;2m▆[38;2;115;137;5;48;2;112;136;3m▅[38;2;115;136;7;48;2;112;135;5m┒[38;2;116;136;6;48;2;113;134;3m┑[38;2;115;135;3;48;2;111;136;6m▂[38;2;111;134;2;48;2;113;136;5m┃[38;2;115;138;6;48;2;113;135;4m╽[38;2;118;138;5;48;2;113;137;4m▂[38;2;117;137;4;48;2;113;137;8m▄[38;2;117;140;6;48;2;114;137;6m▗[38;2;115;136;5;48;2;118;140;6m╹[38;2;118;139;5;48;2;117;137;6m▌[0m
[38;2;206;178;165;48;2;204;176;161m▍[38;2;203;175;160;48;2;202;176;154m▅[38;2;200;173;154;48;2;199;174;150m▊[38;2;194;173;144;48;2;198;173;148m▝[38;2;198;172;146;48;2;194;171;137m▄[38;2;194;170;140;48;2;190;171;134m▃[38;2;187;171;131;48;2;182;170;123m▅[38;2;188;170;127;48;2;181;170;119m▖[38;2;172;168;103;48;2;179;169;112m▝[38;2;172;168;104;48;2;169;168;95m▅[38;2;166;167;97;48;2;161;166;87m▖[38;2;159;164;82;48;2;155;161;74m▄[38;2;154;162;71;48;2;149;159;63m▄[38;2;147;157;60;48;2;139;153;50m▅[38;2;134;147;39;48;2;141;152;50m▝[38;2;135;150;42;48;2;129;146;32m▅[38;2;130;149;34;48;2;127;144;26m▖[38;2;125;145;24;48;2;122;140;20m▄[38;2;124;143;21;48;2;119;140;16m▏[38;2;118;139;15;48;2;112;136;9m▅[38;2;113;136;8;48;2;106;131;9m▅[38;2;108;132;6;48;2;95;122;9m▅[38;2;103;126;6;48;2;85;115;7m▄[38;2;95;122;5;48;2;77;108;9m▃[38;2;81;111;9;48;2;66;99;11m▄[38;2;74;104;8;48;2;62;97;12m▃[38;2;65;99;13;48;2;59;91;14m▂[38;2;54;90;15;48;2;64;97;11m▅[38;2;53;87;13;48;2;67;100;11m▅[38;2;47;83;11;48;2;67;100;10m▃[38;2;56;89;14;48;2;71;103;10m▄[38;2;55;89;17;48;2;73;104;10m▂[38;2;63;98;15;48;2;82;111;10m▃[38;2;75;105;9;48;2;93;118;8m▄[38;2;82;111;8;48;2;99;125;6m▃[38;2;92;120;7;48;2;108;131;7m▃[38;2;99;125;5;48;2;108;132;6m▂[38;2;108;131;3;48;2;112;133;6m▃[38;2;111;132;5;48;2;113;133;5m▖[38;2;112;132;5;48;2;112;134;6m▁[38;2;111;134;4;48;2;114;134;5m▘[38;2;112;135;4;48;2;113;136;6m▇[38;2;113;135;8;48;2;112;135;4m▁[38;2;112;135;1;48;2;112;135;7m╴[38;2;182;193;138;48;2;132;150;45m▗[38;2;181;190;136;48;2;124;142;36m▘[38;2;113;135;7;48;2;112;136;4m▇[38;2;108;135;1;48;2;111;136;4m╴[38;2;110;134;5;48;2;103;129;8m▇[38;2;107;133;11;48;2;167;181;128m▇[38;2;103;127;11;48;2;224;229;210m▅[38;2;172;185;136;48;2;89;117;9m▘[38;2;91;118;8;48;2;75;105;10m▄[38;2;88;116;9;48;2;75;105;11m▄[38;2;84;112;9;48;2;70;100;11m▄[38;2;83;111;12;48;2;70;101;11m▃[38;2;82;110;11;48;2;71;101;13m▂[38;2;79;108;11;48;2;72;101;11m▂[38;2;71;100;14;48;2;77;106;10m▆[38;2;73;103;9;48;2;88;115;6m▆[38;2;75;104;10;48;2;95;124;5m▅[38;2;86;111;8;48;2;105;130;4m▅[38;2;92;118;8;48;2;107;129;6m▃[38;2;97;122;6;48;2;110;132;6m▂[38;2;105;130;5;48;2;112;134;6m▂[38;2;112;134;5;48;2;108;134;4m▄[38;2;110;134;4;48;2;114;133;7m▇[38;2;108;132;4;48;2;111;134;5m╻[38;2;112;134;4;48;2;111;134;4m╹[38;2;114;137;6;48;2;110;135;4m╍[38;2;109;133;3;48;2;112;134;3m▎[38;2;111;131;5;48;2;112;133;6m▖[38;2;112;134;2;48;2;112;134;6m▅[38;2;174;184;127;48;2;115;136;16m▝[38;2;192;201;149;48;2;130;148;41m┒[38;2;114;136;6;48;2;113;135;5m╴[38;2;116;136;6;48;2;113;134;3m┻[38;2;112;133;4;48;2;114;136;6m▁[38;2;113;137;10;48;2;115;135;3m▁[48;2;115;136;5m [38;2;117;137;6m┍[38;2;119;136;6;48;2;115;136;4m▂[38;2;114;134;3;48;2;116;137;6m▏[38;2;118;138;6;48;2;117;136;5m▌[38;2;112;138;5m▖[38;2;114;133;2;48;2;117;136;4m▝[38;2;118;137;5;48;2;114;136;3m▃[38;2;116;136;5;48;2;113;137;3m▅[38;2;118;138;7;48;2;116;136;4m╸[38;2;118;139;7;48;2;115;136;5m▖[38;2;113;135;3;48;2;116;137;5m╼[38;2;114;136;4m▚[38;2;115;136;3;48;2;117;137;5m▊[38;2;116;138;6;48;2;119;139;7m▉[38;2;117;137;5;48;2;118;139;6m┙[38;2;118;139;5;48;2;116;140;5m▊[38;2;120;139;3;48;2;117;140;5m▗[38;2;117;138;3;48;2;119;140;6m╸[38;2;117;140;4;48;2;120;141;6m▝[38;2;123;143;8;48;2;119;140;7m╴[0m
[38;2;205;173;164;48;2;207;177;166m━[38;2;204;174;164;48;2;202;172;162m▉[38;2;201;169;157;48;2;202;173;160m▃[38;2;204;175;158;48;2;200;170;152m╸[38;2;196;169;144;48;2;199;172;148m━[38;2;193;169;142;48;2;196;171;144m▝[38;2;193;168;138;48;2;192;172;137m▅[38;2;190;170;132;48;2;185;168;125m▌[38;2;180;168;115;48;2;184;169;122m▝[38;2;172;167;107;48;2;179;167;112m▝[38;2;173;166;104;48;2;167;163;96m▋[38;2;164;164;93;48;2;161;163;88m▌[38;2;159;162;84;48;2;153;160;74m▊[38;2;154;161;75;48;2;149;159;69m▖[38;2;141;154;54;48;2;147;158;62m▝[38;2;134;151;45;48;2;139;153;54m▝[38;2;129;146;34;48;2;135;151;45m▝[38;2;132;147;40;48;2;127;146;31m▖[38;2;127;145;29;48;2;123;143;22m▃[38;2;123;144;23;48;2;122;143;17m▁[38;2;122;138;9;48;2;120;140;15m▝[38;2;116;138;9;48;2;111;134;4m▊[38;2;115;137;9;48;2;112;134;6m┨[38;2;104;131;5;48;2;111;134;6m▝[38;2;110;133;5;48;2;98;123;7m▅[38;2;105;130;5;48;2;87;115;7m▅[38;2;103;128;6;48;2;81;110;10m▄[38;2;93;121;8;48;2;73;101;12m▄[38;2;81;110;8;48;2;60;93;15m▄[38;2;68;101;10;48;2;51;83;18m▄[38;2;57;90;15;48;2;41;76;17m▄[38;2;51;86;17;48;2;40;75;15m▂[38;2;35;73;19;48;2;44;85;15m▆[38;2;28;68;19;48;2;52;87;14m▅[38;2;22;59;21;48;2;59;94;17m▄[38;2;21;64;20;48;2;71;104;14m▄[38;2;24;64;18;48;2;79;110;13m▃[38;2;45;81;16;48;2;92;121;9m▃[38;2;57;93;19;48;2;100;126;8m▂[38;2;77;110;14;48;2;106;131;6m▂[38;2;86;116;13;48;2;109;132;5m▁[38;2;103;130;7;48;2;111;133;4m▂[38;2;184;196;140;48;2;111;134;12m▗[38;2;124;144;42;48;2;201;210;173m▚[38;2;115;137;19;48;2;165;179;104m▇[38;2;102;128;5;48;2;111;135;5m▂[38;2;104;129;9;48;2;111;134;4m▂[38;2;106;127;6;48;2;111;134;5m▄[38;2;100;124;6;48;2;109;134;5m▃[38;2;98;123;7;48;2;107;131;5m▄[38;2;91;121;5;48;2;102;128;5m▃[38;2;90;120;7;48;2;98;123;7m▃[38;2;91;119;7;48;2;98;123;6m▃[38;2;100;122;8;48;2;94;123;8m▋[38;2;101;122;7;48;2;97;122;10m▗[38;2;97;123;6;48;2;91;121;9m▅[38;2;90;118;8;48;2;96;121;9m╹[38;2;97;122;8;48;2;88;114;10m▅[38;2;94;121;9;48;2;83;111;10m▅[38;2;93;121;10;48;2;81;109;9m▅[38;2;94;117;10;48;2;78;107;10m▄[38;2;88;116;9;48;2;77;105;10m▄[38;2;87;115;7;48;2;84;108;9m▃[38;2;92;117;9;48;2;87;113;7m▝[38;2;90;117;7;48;2;98;122;4m▅[38;2;99;121;8;48;2;105;129;3m▄[38;2;105;130;5;48;2;110;134;5m▄[38;2;112;136;7;48;2;111;133;5m▗[38;2;112;135;5;48;2;109;135;3m▂[38;2;114;136;6;48;2;112;133;4m▂[38;2;114;135;5m┛[38;2;111;133;3;48;2;113;134;4m╎[38;2;112;135;5;48;2;109;133;3m▌[38;2;114;133;9;48;2;113;134;5m▝[38;2;178;187;133;48;2;114;133;9m▝[38;2;191;200;147;48;2;132;149;49m▚[38;2;112;133;5;48;2;117;137;14m╴[38;2;118;138;6;48;2;115;134;4m╷[38;2;116;136;4;48;2;116;136;7m┍[38;2;117;135;6;48;2;117;136;9m▇[38;2;114;133;3;48;2;115;137;4m▘[38;2;115;141;3;48;2;116;137;5m╴[38;2;232;234;218;48;2;144;160;64m▗[38;2;126;146;35;48;2;117;135;3m▏[38;2;121;136;5;48;2;117;139;5m▘[38;2;118;137;3;48;2;120;138;6m╾[38;2;121;136;4;48;2;117;137;5m━[38;2;122;136;5;48;2;117;137;4m╴[38;2;115;134;2;48;2;117;137;5m▂[38;2;119;137;5;48;2;115;135;4m▋[38;2;116;136;3;48;2;117;137;6m▗[38;2;115;136;4;48;2;119;138;9m▇[38;2;115;134;3;48;2;117;136;4m╸[38;2;117;138;4;48;2;121;137;6m▉[38;2;119;137;5;48;2;119;140;7m▌[38;2;119;138;6;48;2;118;143;3m▊[38;2;124;142;8;48;2;121;140;6m╏[38;2;119;141;5;48;2;122;142;8m▘[38;2;125;141;7;48;2;121;141;6m╾[38;2;121;138;6;48;2;122;141;7m╵[0m
[38;2;212;178;169;48;2;209;175;167m▍[38;2;209;175;166;48;2;206;173;164m▆[38;2;208;175;165;48;2;207;173;162m▎[38;2;209;175;164;48;2;202;170;156m▇[38;2;207;173;160;48;2;200;170;156m▅[38;2;204;172;156;48;2;198;167;146m▅[38;2;200;171;148;48;2;193;164;138m▄[38;2;199;170;140;48;2;189;165;130m▃[38;2;193;169;130;48;2;184;165;121m▃[38;2;185;165;122;48;2;181;164;113m▂[38;2;181;164;110;48;2;176;163;104m▏[38;2;171;163;99;48;2;169;163;93m▋[38;2;162;161;82;48;2;167;161;89m▝[38;2;165;160;82;48;2;156;160;76m▄[38;2;158;158;69;48;2;149;159;66m▄[38;2;151;157;62;48;2;147;154;57m▎[38;2;145;152;48;48;2;139;151;48m▖[38;2;136;150;44;48;2;133;147;39m▌[38;2;128;143;31;48;2;130;146;36m▝[38;2;128;144;29;48;2;124;142;23m▋[38;2;123;143;21;48;2;120;142;18m▍[38;2;119;139;13;48;2;115;136;10m▇[38;2;114;139;10;48;2;113;137;7m▖[38;2;114;139;8;48;2;110;135;5m╸[38;2;108;135;5;48;2;107;132;4m▊[38;2;107;132;3;48;2;110;132;4m▂[38;2;105;132;2;48;2;108;132;4m╏[38;2;106;134;8;48;2;109;131;7m╺[38;2;107;132;6;48;2;97;127;7m▇[38;2;106;131;7;48;2;91;120;8m▆[48;2;84;110;8m▅[38;2;108;130;7;48;2;73;103;8m▄[38;2;100;125;9;48;2;58;92;12m▄[38;2;97;123;10;48;2;52;86;14m▃[38;2;81;109;9;48;2;38;75;19m▃[38;2;59;92;8;48;2;29;67;26m▃[38;2;42;79;14;48;2;17;58;30m▃[38;2;30;68;23;48;2;12;54;29m▃[38;2;19;57;27;48;2;12;53;25m▃[38;2;12;52;29;48;2;36;74;12m▇[38;2;30;63;33;48;2;97;121;90m▉[38;2;224;228;225;48;2;100;123;74m▄[38;2;231;234;220;48;2;74;100;73m▘[38;2;19;56;24;48;2;83;114;17m▄[38;2;19;54;23;48;2;80;110;13m▃[38;2;28;66;20;48;2;84;111;11m▃[38;2;40;78;20;48;2;85;112;10m▃[38;2;51;85;20;48;2;84;111;10m▃[38;2;59;94;17;48;2;87;113;10m▄[38;2;59;93;13;48;2;82;110;11m▃[38;2;65;99;14;48;2;84;112;11m▄[38;2;71;101;12;48;2;84;112;10m▄[38;2;76;103;12;48;2;87;115;8m▄[38;2;74;103;12;48;2;86;115;8m▃[38;2;79;108;11;48;2;90;117;9m▃[38;2;83;111;10;48;2;91;119;10m▄[38;2;86;112;8;48;2;93;118;9m▃[38;2;87;114;6;48;2;96;121;8m▃[38;2;88;115;6;48;2;97;121;7m▃[38;2;92;118;9;48;2;99;122;8m▃[38;2;93;118;8;48;2;97;123;8m▃[38;2;100;123;8;48;2;95;122;8m┻[38;2;95;119;8;48;2;97;122;9m▝[38;2;100;123;6;48;2;93;120;7m▄[38;2;98;123;8;48;2;92;119;7m▅[38;2;99;125;7;48;2;94;121;6m▃[38;2;98;123;5;48;2;101;126;6m▍[38;2;104;127;5;48;2;109;131;6m▖[38;2;115;136;6;48;2;112;134;4m┕[38;2;113;137;6;48;2;111;134;4m╍[38;2;111;133;3;48;2;113;135;5m▌[38;2;116;134;5m╺[38;2;115;134;5;48;2;111;134;3m┓[38;2;117;134;4;48;2;113;135;4m╸[38;2;113;135;4;48;2;115;137;7m▅[38;2;112;133;4;48;2;121;141;21m╴[38;2;222;226;196;48;2;157;170;90m┗[38;2;220;226;193;48;2;121;140;25m▃[38;2;148;162;76;48;2;116;137;8m▁[38;2;112;130;3;48;2;116;136;4m▁[38;2;114;130;4;48;2;117;137;4m▁[38;2;196;204;154;48;2;121;140;18m▗[38;2;236;237;220;48;2;174;186;118m▊[38;2;122;141;30;48;2;118;137;5m▏[38;2;118;138;6;48;2;115;137;4m▅[38;2;119;138;6;48;2;116;137;4m▅[38;2;120;140;8;48;2;118;138;6m▎[38;2;119;137;4;48;2;122;136;5m▉[48;2;122;138;5m┻[38;2;121;134;5;48;2;120;138;5m╹[38;2;121;139;7;48;2;119;138;5m╹[38;2;120;136;4;48;2;121;138;5m▊[38;2;124;138;6;48;2;118;137;4m▂[38;2;119;139;5;48;2;119;136;4m▆[38;2;121;140;7;48;2;119;138;5m▄[38;2;119;138;5;48;2;121;141;7m▏[38;2;123;143;7;48;2;121;141;6m▁[38;2;124;143;8;48;2;121;141;7m┚[38;2;124;142;9;48;2;122;140;6m┓[38;2;125;142;12;48;2;123;141;8m▗[0m
[38;2;209;175;167;48;2;208;173;164m┛[38;2;207;170;163;48;2;209;174;166m▂[38;2;209;170;162;48;2;210;173;164m▄[38;2;208;174;162;48;2;207;169;158m▘[38;2;210;171;162;48;2;208;169;157m╾[38;2;206;168;157;48;2;206;169;154m▌[38;2;207;170;153;48;2;205;169;148m▌[38;2;199;168;144;48;2;203;168;146m▝[38;2;199;166;139;48;2;194;165;131m▋[38;2;194;162;129;48;2;191;167;125m▃[38;2;188;167;119;48;2;187;163;116m▘[38;2;183;164;111;48;2;174;164;103m▇[38;2;179;164;104;48;2;166;156;93m▇[38;2;174;163;93;48;2;163;159;81m▆[38;2;168;163;86;48;2;158;157;73m▅[38;2;164;160;74;48;2;154;157;62m▄[38;2;159;160;66;48;2;147;155;55m▃[38;2;148;155;56;48;2;142;153;46m▃[38;2;142;152;42;48;2;135;146;35m▅[38;2;134;148;34;48;2;131;148;28m▖[38;2;129;148;26;48;2;123;143;21m▅[38;2;120;138;14;48;2;124;144;18m▝[38;2;122;142;13;48;2;113;138;8m▄[38;2;117;139;9;48;2;112;135;6m▄[38;2;115;138;10;48;2;108;133;6m▄[38;2;110;134;6;48;2;107;132;7m▂[38;2;109;133;6;48;2;106;133;6m▅[38;2;105;134;4;48;2;109;132;4m┳[38;2;107;133;5;48;2;110;132;5m╸[38;2;109;132;6;48;2;108;132;7m▅[38;2;108;129;3;48;2;109;132;6m┏[38;2;110;132;7;48;2;108;131;7m╵[38;2;108;132;6;48;2;106;131;2m▅[38;2;104;131;3;48;2;107;133;5m┐[38;2;107;131;5;48;2;101;131;8m▇[38;2;107;132;5;48;2;91;121;10m▇[38;2;107;132;7;48;2;72;100;10m▇[38;2;105;130;8;48;2;66;96;10m▆[38;2;100;128;7;48;2;43;76;12m▆[38;2;99;125;9;48;2;32;69;13m▅[38;2;35;68;29;48;2;76;107;28m╵[38;2;67;98;22;48;2;159;172;163m▆[38;2;89;122;13;48;2;20;59;25m▂[38;2;67;101;13;48;2;15;52;27m▂[38;2;47;83;13;48;2;15;54;31m▂[38;2;33;73;13;48;2;16;54;31m▂[38;2;35;69;17;48;2;17;54;27m▂[38;2;37;72;25;48;2;20;57;26m▂[38;2;35;70;28;48;2;25;61;24m▂[38;2;30;66;22;48;2;47;81;18m▇[38;2;33;69;24;48;2;47;82;20m▆[38;2;40;74;19;48;2;56;90;17m▆[38;2;46;81;19;48;2;64;93;16m▆[38;2;49;82;17;48;2;64;95;13m▅[38;2;53;84;17;48;2;67;97;14m▄[38;2;57;89;15;48;2;71;101;13m▄[38;2;59;91;15;48;2;72;102;12m▃[38;2;64;95;14;48;2;77;107;12m▄[38;2;71;99;13;48;2;81;108;10m▄[38;2;76;103;13;48;2;86;113;9m▅[38;2;76;106;8;48;2;88;114;7m▄[38;2;83;110;8;48;2;87;116;7m▅[38;2;85;111;10;48;2;93;117;6m▄[38;2;90;117;8;48;2;97;122;11m▇[38;2;98;121;10;48;2;95;119;6m▁[38;2;95;120;7;48;2;101;125;7m▘[38;2;107;131;8;48;2;104;126;5m▃[38;2;112;136;6;48;2;108;130;5m▗[38;2;110;136;2;48;2;113;135;4m▖[38;2;113;135;5;48;2;119;134;8m▇[38;2;110;135;4;48;2;115;136;5m┗[38;2;114;135;5;48;2;116;136;6m▚[38;2;115;136;6;48;2;114;135;3m▌[38;2;113;134;1;48;2;115;136;4m╹[38;2;113;134;2;48;2;115;137;4m┒[38;2;116;138;6;48;2;113;136;3m┫[38;2;116;138;3;48;2;115;136;5m▆[38;2;123;142;17;48;2;195;203;157m▆[38;2;124;145;23;48;2;226;230;206m▃[38;2;125;143;30;48;2;226;230;207m▂[38;2;131;149;43;48;2;231;234;216m▂[38;2;138;156;46;48;2;241;243;229m▃[38;2;188;199;142;48;2;121;141;11m▘[38;2;121;138;6;48;2;119;140;6m▌[38;2;119;141;6;48;2;120;140;5m╺[38;2;120;138;5;48;2;118;137;5m▌[38;2;117;137;3;48;2;119;140;6m╺[38;2;121;141;6;48;2;118;140;5m┵[38;2;119;140;4;48;2;120;141;6m▗[38;2;116;138;2;48;2;119;140;5m╹[38;2;121;140;6;48;2;119;139;4m▃[38;2;119;136;3;48;2;120;139;5m┨[38;2;123;139;7;48;2;121;138;5m┏[38;2;120;139;8;48;2;119;139;5m▆[38;2;125;140;5;48;2;121;140;7m━[38;2;125;140;10;48;2;122;142;11m▗[38;2;124;138;8;48;2;125;142;10m╸[38;2;125;143;8;48;2;123;140;8m▅[38;2;125;142;9;48;2;123;143;6m▆[38;2;126;142;9;48;2;125;142;12m▂[0m
[38;2;208;168;161;48;2;210;170;163m▏[38;2;208;167;159;48;2;209;169;161m▂[38;2;210;169;161;48;2;209;167;159m┣[38;2;211;166;164;48;2;210;166;160m▗[38;2;213;167;161;48;2;209;166;157m▁[38;2;210;164;157;48;2;208;164;154m▆[38;2;211;166;153;48;2;208;166;152m▌[38;2;207;164;153;48;2;206;168;148m▇[38;2;208;162;152;48;2;205;163;147m▄[38;2;205;162;143;48;2;198;161;132m▆[38;2;202;162;138;48;2;193;161;124m▃[38;2;194;161;124;48;2;187;161;111m▄[38;2;190;158;117;48;2;184;159;106m▂[38;2;184;156;108;48;2;176;159;98m▖[38;2;177;156;96;48;2;174;158;89m▖[38;2;170;156;81;48;2;170;162;83m▆[38;2;166;154;71;48;2;164;160;71m▅[38;2;162;155;67;48;2;157;157;63m▖[38;2;148;156;49;48;2;153;156;55m▝[38;2;140;152;38;48;2;148;155;49m▝[38;2;142;151;38;48;2;135;148;30m▅[38;2;136;148;30;48;2;129;145;23m▅[38;2;138;148;26;48;2;128;143;18m▖[38;2;130;145;18;48;2;122;141;12m▄[38;2;127;142;14;48;2;119;139;10m▃[38;2;122;142;12;48;2;115;138;5m▄[38;2;116;138;8;48;2;111;133;5m▅[38;2;117;138;7;48;2;112;135;7m▂[38;2;114;136;6;48;2;109;132;5m▃[38;2;111;133;5;48;2;108;131;3m▉[38;2;110;136;6;48;2;107;132;3m┮[38;2;109;134;7;48;2;108;133;6m┛[38;2;104;131;1;48;2;108;133;5m┍[38;2;112;133;6;48;2;107;132;5m▁[38;2;110;133;5;48;2;107;131;4m▂[38;2;106;132;4;48;2;109;133;5m▊[38;2;108;131;4;48;2;106;130;4m▌[38;2;109;132;7;48;2;106;131;5m╍[38;2;107;133;8;48;2;107;132;6m┏[38;2;109;132;6;48;2;109;130;3m▎[38;2;106;131;3;48;2;108;132;5m╸[38;2;108;131;5;48;2;106;130;4m▂[38;2;108;133;10;48;2;106;131;4m▝[38;2;108;130;5;48;2;102;129;10m▇[38;2;106;132;6;48;2;83;113;12m▇[38;2;107;132;5;48;2;70;102;10m▆[38;2;103;129;7;48;2;58;88;14m▆[38;2;105;132;8;48;2;57;88;12m▅[38;2;103;130;7;48;2;55;89;13m▄[38;2;100;127;9;48;2;56;87;17m▄[38;2;98;124;7;48;2;59;89;16m▃[38;2;93;120;8;48;2;58;88;18m▃[38;2;87;114;5;48;2;58;88;15m▃[38;2;85;111;9;48;2;61;91;16m▃[38;2;81;108;9;48;2;60;89;16m▄[38;2;80;108;9;48;2;63;92;15m▄[38;2;83;111;6;48;2;68;98;12m▃[38;2;85;112;8;48;2;71;100;13m▃[38;2;85;112;7;48;2;74;103;12m▄[38;2;89;115;9;48;2;75;103;9m▅[38;2;92;118;8;48;2;82;109;8m▄[38;2;96;122;6;48;2;86;114;9m▄[38;2;99;124;6;48;2;92;116;10m▅[38;2;106;129;6;48;2;96;121;9m▄[38;2;109;133;6;48;2;99;124;6m▄[38;2;102;125;5;48;2;110;132;6m▘[38;2;114;135;5;48;2;107;130;4m▅[38;2;115;136;4;48;2;116;138;5m▊[38;2;117;138;7;48;2;114;136;4m╼[38;2;115;136;4;48;2;116;137;6m▚[38;2;116;137;6;48;2;115;135;4m▅[38;2;114;135;3;48;2;116;137;6m▝[38;2;117;138;6;48;2;115;135;4m┥[38;2;117;137;5;48;2;115;135;3m▃[38;2;115;136;4;48;2;119;139;6m╸[38;2;118;140;5;48;2;116;139;4m▂[38;2;121;139;6;48;2;118;137;4m┃[38;2;119;138;4;48;2;117;138;2m▇[38;2;118;138;7;48;2;118;139;5m┕[38;2;123;139;6;48;2;120;137;12m▆[38;2;122;141;8;48;2;122;141;5m╵[38;2;124;143;5;48;2;122;140;5m╴[38;2;127;142;5;48;2;121;140;6m▂[38;2;119;141;6;48;2;122;142;5m▘[38;2;125;142;7;48;2;122;141;5m▚[38;2;118;141;4;48;2;122;142;5m┖[38;2;120;140;3;48;2;123;142;5m┛[38;2;125;142;6;48;2;122;142;6m▁[38;2;120;140;4;48;2;121;142;5m╏[38;2;122;141;5;48;2;120;139;5m▆[38;2;121;140;5;48;2;118;139;3m▊[38;2;124;145;7;48;2;120;140;4m╷[38;2;120;138;4;48;2;122;141;7m┛[38;2;122;142;5;48;2;123;142;10m▋[38;2;121;141;7;48;2;124;143;9m┛[38;2;123;140;6;48;2;124;143;8m▘[38;2;127;142;10;48;2;125;143;9m▘[38;2;124;141;9;48;2;126;144;11m┗[38;2;129;147;12;48;2;127;145;11m▁[38;2;128;145;12;48;2;125;142;9m┒[0m
[38;2;205;165;159;48;2;209;167;160m▎[38;2;211;164;157;48;2;211;166;161m▂[38;2;212;166;159;48;2;210;164;157m▍[38;2;212;167;160m┞[38;2;210;166;159;48;2;208;164;154m▌[38;2;209;160;155;48;2;211;164;157m▁[38;2;208;162;149;48;2;209;163;156m┃[38;2;210;162;155;48;2;208;161;152m▘[38;2;207;160;147m▅[38;2;206;159;143;48;2;209;161;147m┏[38;2;208;161;145;48;2;206;158;142m▘[38;2;207;161;143;48;2;202;161;137m▅[38;2;194;160;124;48;2;202;159;137m▝[38;2;197;157;134;48;2;190;158;112m▄[38;2;193;158;120;48;2;181;156;101m▄[38;2;187;156;110;48;2;177;156;93m▃[38;2;180;153;93;48;2;171;153;81m▃[38;2;171;153;81;48;2;165;154;69m▄[38;2;167;152;71;48;2;159;153;62m▃[38;2;162;150;61;48;2;153;152;52m▃[38;2;154;151;48;48;2;147;152;43m▄[38;2;142;149;33;48;2;147;152;41m▝[38;2;143;147;31;48;2;137;150;26m▃[38;2;139;147;24;48;2;133;148;22m▖[38;2;128;145;17;48;2;133;145;18m▝[38;2;128;145;18;48;2;126;144;14m▘[38;2;127;145;13;48;2;121;141;12m▄[38;2;126;144;13;48;2;119;139;10m▃[38;2;123;141;11;48;2;116;139;6m▂[38;2;116;139;6;48;2;113;136;4m▆[38;2;110;132;4;48;2;115;137;5m▝[38;2;109;131;4;48;2;111;134;4m┗[38;2;111;133;7;48;2;109;133;6m▁[38;2;107;133;4;48;2;109;134;6m┳[38;2;111;133;5;48;2;108;134;5m▘[38;2;105;133;3;48;2;108;133;5m┛[38;2;108;135;6;48;2;106;133;4m┰[38;2;105;132;5;48;2;109;133;6m┛[38;2;105;132;6;48;2;107;132;6m╴[38;2;111;133;5;48;2;107;131;4m▗[38;2;103;133;3;48;2;106;132;4m╸[38;2;107;132;4;48;2;106;131;4m┵[38;2;106;130;5;48;2;110;131;5m▃[38;2;107;131;6;48;2;104;131;5m▝[38;2;106;130;4;48;2;107;132;6m▚[38;2;111;135;7;48;2;107;131;6m╶[38;2;109;131;6;48;2;107;130;4m╈[38;2;107;129;3;48;2;108;132;5m┎[38;2;111;135;11;48;2;106;132;7m╹[38;2;106;130;3;48;2;109;133;6m┯[38;2;106;131;2;48;2;109;132;6m┹[38;2;111;132;8;48;2;108;132;4m▃[38;2;110;131;7;48;2;110;131;3m▃[38;2;109;136;7;48;2;109;132;5m┇[38;2;111;134;5;48;2;105;126;6m▇[38;2;112;133;5;48;2;100;126;10m▆[38;2;110;133;5;48;2;96;124;7m▆[38;2;108;133;4;48;2;96;123;7m▆[38;2;110;133;5;48;2;102;126;9m▅[38;2;111;133;5;48;2;102;128;8m▅[38;2;112;132;5;48;2;103;128;7m▅[38;2;110;133;4;48;2;106;130;6m▆[38;2;114;135;9;48;2;112;132;6m▎[38;2;114;137;6;48;2;111;134;3m╺[38;2;115;136;4;48;2;113;134;3m╍[38;2;113;131;5;48;2;115;134;5m┚[38;2;116;134;4;48;2;115;135;5m┊[38;2;112;137;4;48;2;117;136;5m▝[38;2;112;136;3;48;2;116;137;5m▖[38;2;111;133;1;48;2;115;136;5m╷[38;2;116;138;6;48;2;117;136;3m▍[38;2;120;139;6;48;2;117;137;4m┝[38;2;119;140;6;48;2;116;138;4m╍[38;2;120;141;8;48;2;117;138;4m╻[38;2;117;137;4;48;2;118;140;5m▋[38;2;119;139;5;48;2;119;140;6m▊[38;2;122;139;6;48;2;116;138;3m▄[38;2;123;145;9;48;2;119;140;5m┌[38;2;122;143;7;48;2;121;142;5m┟[38;2;127;140;6;48;2;121;140;3m▗[38;2;128;142;7;48;2;124;142;6m╸[38;2;122;141;4;48;2;123;142;5m╱[38;2;121;141;4;48;2;125;141;5m┒[38;2;127;142;6m▆[38;2;127;142;7;48;2;123;143;4m▄[38;2;129;145;8;48;2;126;143;6m▂[38;2;128;147;8;48;2;126;142;6m▗[38;2;128;144;7;48;2;125;142;5m┫[38;2;126;141;5;48;2;125;143;6m┃[38;2;126;144;7;48;2;123;140;4m▆[38;2;125;142;5;48;2;121;140;3m▆[38;2;124;142;5;48;2;121;140;2m▉[38;2;120;140;2;48;2;122;143;4m▏[38;2;127;144;9;48;2;124;143;7m▁[38;2;127;145;8;48;2;123;143;9m▃[38;2;124;144;9;48;2;126;145;10m┻[38;2;127;145;11;48;2;126;144;10m┚[38;2;129;148;13;48;2;126;145;11m▂[38;2;127;145;10;48;2;129;145;13m▌[38;2;126;147;13;48;2;126;145;12m┰[0m
[38;2;208;159;155;48;2;211;164;158m▂[38;2;209;160;153;48;2;210;165;154m▄[38;2;208;157;153;48;2;210;161;155m▗[38;2;207;157;150;48;2;209;160;154m▂[38;2;210;157;152;48;2;209;161;155m▅[38;2;210;155;150;48;2;210;161;155m▃[38;2;209;156;149;48;2;213;162;155m▄[38;2;211;158;151;48;2;209;157;152m▋[38;2;210;159;151;48;2;209;158;149m╼[38;2;211;155;147;48;2;206;157;145m▂[38;2;209;158;150;48;2;206;158;145m▖[38;2;208;155;141;48;2;206;158;144m▂[38;2;201;153;140;48;2;206;157;142m╻[38;2;205;156;140;48;2;202;157;138m▇[38;2;200;156;131;48;2;204;157;136m▝[38;2;203;157;133;48;2;194;157;121m▆[38;2;198;154;127;48;2;190;154;111m▄[38;2;191;153;114;48;2;183;152;98m▄[38;2;185;152;104;48;2;174;150;85m▄[38;2;179;152;89;48;2;169;151;70m▄[38;2;172;151;77;48;2;162;149;59m▄[38;2;166;152;70;48;2;155;149;50m▃[38;2;158;149;55;48;2;149;149;40m▃[38;2;148;148;43;48;2;140;145;28m▃[38;2;141;148;35;48;2;134;145;22m▂[38;2;136;144;22;48;2;133;143;16m▖[38;2;133;144;15;48;2;128;142;10m▏[38;2;124;142;9;48;2;126;144;15m▆[38;2;124;141;10;48;2;124;141;12m▎[38;2;120;139;8;48;2;122;142;10m▁[38;2;122;140;9;48;2;120;138;7m▍[38;2;118;139;7;48;2;114;138;5m▋[38;2;118;136;5;48;2;113;135;4m▂[38;2;114;137;7;48;2;111;135;5m┫[38;2;112;135;5;48;2;106;133;3m▆[38;2;110;137;7;48;2;109;133;5m▃[38;2;109;133;5;48;2;106;133;4m▃[38;2;105;134;4;48;2;109;132;4m╺[38;2;106;132;3;48;2;108;132;4m▃[38;2;108;133;4;48;2;106;130;2m▌[38;2;107;132;5;48;2;105;131;3m▃[38;2;106;130;3;48;2;106;131;6m▗[38;2;106;131;3;48;2;109;131;5m┏[38;2;110;130;5;48;2;108;131;4m▗[38;2;108;131;6;48;2;107;132;4m▅[48;2;108;129;5m▆[38;2;107;132;6;48;2;104;133;3m▆[38;2;107;131;7;48;2;106;130;5m╏[38;2;105;129;5;48;2;107;131;6m▖[38;2;106;129;4;48;2;109;131;7m▂[38;2;106;130;5;48;2;110;131;7m▖[38;2;116;133;10;48;2;109;131;7m▁[38;2;115;131;10;48;2;108;130;5m▂[38;2;117;134;10;48;2;110;133;5m▂[38;2;121;135;9;48;2;110;133;4m▁[38;2;116;134;8;48;2;111;133;4m▂[38;2;111;132;5;48;2;115;133;7m▋[38;2;115;137;9;48;2;112;133;4m╹[38;2;112;135;4;48;2;112;134;4m╷[38;2;112;136;5;48;2;112;135;5m└[38;2;111;132;3;48;2;114;134;4m▍[38;2;113;135;5;48;2;110;134;3m▍[38;2;114;135;6;48;2;112;135;5m┑[38;2;113;137;6;48;2;113;134;4m▘[38;2;110;132;4;48;2;112;135;4m▏[38;2;111;135;3;48;2;112;136;3m▚[38;2;111;134;3;48;2;113;136;6m┛[38;2;112;134;4;48;2;114;137;6m╻[38;2;114;135;4;48;2;115;137;6m╄[38;2;114;136;4;48;2;115;137;5m┗[38;2;115;134;3;48;2;119;138;6m┓[38;2;119;138;7;48;2;116;137;5m▝[38;2;116;135;6;48;2;119;137;5m╸[38;2;122;137;5;48;2;119;138;5m┓[38;2;121;141;7;48;2;119;139;5m▝[38;2;119;140;5;48;2;122;140;6m▊[38;2;125;140;7;48;2;122;139;5m━[38;2;122;140;5;48;2;119;140;5m▆[38;2;123;140;5;48;2;121;141;5m▘[38;2;119;140;3;48;2;123;142;5m▂[38;2;122;142;6;48;2;120;142;5m▚[38;2;124;142;5;48;2;125;143;7m▆[38;2;126;143;4;48;2;125;143;5m╴[38;2;129;143;6m▁[38;2;128;147;8;48;2;127;143;5m▂[38;2;131;143;6;48;2;128;144;6m┺[38;2;130;145;6;48;2;130;146;7m▚[38;2;133;148;9;48;2;128;144;5m▁[38;2;127;144;6;48;2;128;145;7m▃[38;2;132;147;9;48;2;128;145;6m▁[38;2;130;144;7;48;2;127;143;5m▂[38;2;126;143;5;48;2;127;145;7m▚[38;2;126;141;4;48;2;128;143;6m┨[38;2;129;143;6;48;2;128;145;8m▖[38;2;131;146;11;48;2;129;146;9m┭[38;2;128;145;13;48;2;130;146;8m▘[38;2;128;145;9;48;2;129;148;11m▘[38;2;126;147;9;48;2;129;146;11m▂[38;2;128;148;13;48;2;127;146;11m▗[38;2;128;146;13;48;2;126;146;11m▅[0m
[38;2;209;157;151;48;2;210;160;156m▅[38;2;210;157;151;48;2;210;156;150m▍[38;2;212;158;150;48;2;212;155;149m┱[38;2;210;153;146;48;2;209;158;149m▇[38;2;210;152;145;48;2;211;154;149m▇[38;2;209;150;144;48;2;210;151;146m┐[38;2;213;151;147;48;2;209;148;143m┕[38;2;210;145;142;48;2;210;150;143m▃[38;2;210;143;142;48;2;210;150;144m▃[38;2;208;143;141;48;2;210;149;145m▗[38;2;209;146;142;48;2;207;151;144m▄[38;2;208;147;137;48;2;208;149;141m┎[38;2;208;145;141;48;2;205;152;139m▄[38;2;208;145;137;48;2;206;153;139m▄[38;2;206;146;135;48;2;205;153;138m▃[38;2;203;154;136;48;2;203;150;133m┗[38;2;204;147;133;48;2;202;154;132m▄[38;2;202;151;129;48;2;196;154;124m▆[38;2;200;152;128;48;2;195;152;116m▄[38;2;198;152;124;48;2;190;152;106m▃[38;2;194;149;113;48;2;183;148;94m▃[38;2;186;149;103;48;2;172;148;83m▄[38;2;182;148;90;48;2;168;147;73m▃[38;2;176;147;83;48;2;162;149;63m▃[38;2;167;146;65;48;2;153;148;50m▄[38;2;161;147;55;48;2;147;146;38m▄[38;2;150;147;41;48;2;136;144;22m▅[38;2;143;144;31;48;2;129;141;15m▅[38;2;139;143;20;48;2;126;140;11m▃[38;2;132;141;15;48;2;122;139;7m▃[38;2;127;142;10;48;2;122;138;6m▃[38;2;126;141;11;48;2;122;139;7m┎[38;2;118;137;3;48;2;121;139;6m▗[38;2;117;137;5;48;2;118;138;6m╶[38;2;114;135;3;48;2;116;136;5m┚[38;2;114;136;7;48;2;112;134;5m▚[38;2;114;135;5;48;2;109;134;4m▅[38;2;112;134;4;48;2;108;133;4m▖[38;2;109;135;6;48;2;107;133;3m╸[38;2;103;128;0;48;2;108;134;4m╵[38;2;104;135;4;48;2;108;134;5m▘[38;2;107;135;8;48;2;108;132;5m╶[38;2;108;133;4;48;2;105;132;5m▃[38;2;112;134;8;48;2;106;132;4m╌[38;2;110;132;10;48;2;107;131;6m╺[38;2;109;133;5;48;2;108;130;6m┺[38;2;109;131;7;48;2;106;131;5m▁[38;2;108;132;5;48;2;105;134;6m▊[38;2;108;134;8;48;2;107;131;6m╾[38;2;110;130;7;48;2;108;130;6m▃[38;2;114;130;8;48;2;109;130;6m▃[38;2;121;132;15;48;2;115;131;9m▂[38;2;118;130;14;48;2;123;130;19m▘[38;2;131;129;25;48;2;124;128;21m▃[38;2;133;130;28;48;2;126;132;19m▆[38;2;136;130;32;48;2;125;130;19m▆[38;2;140;128;41;48;2;128;133;23m▅[38;2;143;131;44;48;2;126;133;16m▅[38;2;147;129;46;48;2;123;131;14m▄[38;2;147;130;46;48;2;123;131;13m▃[38;2;147;130;39;48;2;117;134;9m▃[38;2;139;132;28;48;2;114;133;6m▃[38;2;136;131;28;48;2;114;133;4m▂[38;2;127;131;14;48;2;115;134;5m▂[38;2;125;131;8;48;2;115;135;4m▁[38;2;114;132;3;48;2;115;135;5m━[38;2;113;133;1;48;2;114;135;4m▝[38;2;114;135;4;48;2;114;136;6m▍[38;2;118;136;6;48;2;115;135;5m┢[38;2;119;135;6;48;2;116;136;4m┫[48;2;114;137;5m▃[38;2;123;138;9;48;2;118;138;5m▃[38;2;125;138;10;48;2;119;138;5m▄[38;2;129;137;16;48;2;122;137;8m▃[48;2;123;137;8m▃[38;2;130;137;14;48;2;124;139;6m▃[38;2;128;137;12;48;2;123;139;7m▂[38;2;132;136;13;48;2;125;140;8m▁[38;2;128;140;8;48;2;122;140;6m▃[38;2;129;142;8;48;2;122;143;5m▂[38;2;129;140;8;48;2;123;143;6m▃[38;2;122;142;2;48;2;128;143;5m┳[38;2;126;146;6;48;2;127;144;6m╴[38;2;128;146;8;48;2;127;145;6m╹[38;2;127;145;7;48;2;127;144;7m╺[38;2;127;145;6;48;2;130;147;9m▊[38;2;128;144;8;48;2;131;146;8m▂[38;2;128;149;9;48;2;130;146;7m┒[38;2;129;143;7;48;2;132;147;8m╾[38;2;131;145;7;48;2;133;147;8m┏[38;2;134;148;8;48;2;132;147;7m╴[38;2;135;147;9;48;2;130;145;6m▂[38;2;135;146;8;48;2;131;146;6m▂[38;2;134;146;7;48;2;133;147;9m┙[38;2;136;148;15;48;2;132;147;9m▗[38;2;134;149;12;48;2;133;147;12m▃[38;2;133;149;14;48;2;130;146;11m▃[38;2;135;147;13;48;2;130;147;11m▂[38;2;134;149;14;48;2;130;147;12m▂[38;2;129;146;13;48;2;131;147;13m▘[0m
[38;2;210;155;149;48;2;212;159;153m▆[38;2;210;152;150;48;2;210;152;149m╴[38;2;208;151;149;48;2;209;150;145m▘[38;2;211;152;146;48;2;209;148;145m▘[38;2;210;147;142;48;2;209;147;141m┕[38;2;211;144;141;48;2;209;147;139m▆[38;2;209;141;140;48;2;210;145;141m▂[38;2;201;145;141;48;2;208;143;142m╵[38;2;212;143;143;48;2;210;139;140m▘[38;2;208;138;139;48;2;210;142;141m▖[38;2;209;141;141;48;2;209;138;139m┻[38;2;208;138;139;48;2;206;141;136m▆[38;2;206;139;136;48;2;208;143;140m▄[38;2;208;140;137;48;2;208;144;136m▄[38;2;206;138;128;48;2;209;141;135m╴[38;2;209;141;134;48;2;205;144;135m▄[38;2;208;139;135;48;2;204;144;131m▂[38;2;206;143;133;48;2;202;144;131m▃[38;2;204;143;131;48;2;202;147;130m▄[38;2;205;143;128;48;2;202;148;129m▂[38;2;204;147;128;48;2;199;148;123m▄[38;2;200;147;122;48;2;195;150;116m▆[38;2;197;148;121;48;2;191;149;107m▆[38;2;193;149;112;48;2;187;149;97m▆[38;2;191;148;106;48;2;179;146;85m▆[38;2;187;149;99;48;2;173;147;75m▅[38;2;182;148;89;48;2;164;144;61m▅[38;2;176;148;78;48;2;156;144;49m▅[38;2;170;148;67;48;2;150;143;38m▄[38;2;166;147;61;48;2;143;142;28m▃[38;2;156;145;47;48;2;135;143;17m▃[38;2;149;143;34;48;2;133;141;13m▂[38;2;139;140;21;48;2;125;140;9m▂[38;2;132;140;11;48;2;126;141;7m▂[38;2;125;141;8;48;2;120;140;7m▅[38;2;123;141;6;48;2;118;138;5m▆[38;2;121;140;4;48;2;115;135;4m▅[38;2;119;140;4;48;2;113;135;4m▄[38;2;117;139;5;48;2;111;135;4m▄[38;2;121;138;6m▂[38;2;114;133;6;48;2;109;133;4m▖[38;2;113;136;5;48;2;110;133;3m▖[38;2;112;134;5;48;2;107;133;3m▃[38;2;109;135;6;48;2;107;131;4m▂[38;2;109;132;4;48;2;107;131;5m▅[38;2;111;130;6;48;2;109;132;5m▝[38;2;106;132;5m┕[38;2;109;134;5;48;2;107;132;4m╌[38;2;108;129;2;48;2;111;132;6m▂[38;2;111;131;7;48;2;113;132;9m▍[38;2;116;130;8;48;2;118;132;13m▘[38;2;127;130;22;48;2;121;131;17m▂[38;2;128;130;26;48;2;130;128;29m▌[38;2;134;127;31;48;2;137;130;36m▊[38;2;141;127;42;48;2;136;128;36m▅[38;2;146;126;49;48;2;140;129;40m▆[38;2;151;128;54;48;2;149;126;48m▅[38;2;156;126;60;48;2;150;128;49m▅[38;2;162;127;70;48;2;155;127;54m▄[38;2;167;125;73;48;2;160;127;60m▃[38;2;171;123;76;48;2;161;128;61m▃[38;2;169;125;72;48;2;157;128;53m▅[38;2;167;127;68;48;2;153;134;42m▆[38;2;165;127;65;48;2;147;132;35m▆[38;2;166;127;65;48;2;147;131;36m▄[38;2;160;130;57;48;2;135;133;25m▅[38;2;157;130;55;48;2;129;132;17m▄[38;2;152;133;46;48;2;126;133;13m▄[38;2;146;133;35;48;2;122;134;11m▄[38;2;142;133;30;48;2;120;134;6m▃[38;2;140;134;28;48;2;123;135;6m▂[38;2;136;133;22;48;2;124;134;11m▂[38;2;132;135;22;48;2;127;136;16m▄[38;2;135;133;24;48;2;131;135;22m▗[38;2;139;135;30;48;2;135;135;25m▗[38;2;143;134;32;48;2;136;134;24m▄[38;2;143;135;32;48;2;136;135;22m▅[38;2;140;134;30;48;2;135;137;18m▆[38;2;142;134;33;48;2;136;138;20m▃[38;2;140;138;25;48;2;130;140;10m▆[38;2;142;139;26;48;2;133;140;12m▄[38;2;141;140;24;48;2;131;141;10m▄[38;2;142;143;24;48;2;130;143;11m▄[38;2;142;142;21;48;2;128;143;7m▄[38;2;139;143;19;48;2;132;145;11m▃[38;2;136;143;17;48;2;129;145;8m▃[38;2;137;145;19;48;2;130;145;11m▃[38;2;136;145;15;48;2;130;148;10m▃[38;2;136;146;17;48;2;132;149;12m▖[38;2;131;148;14;48;2;132;148;9m▃[38;2;134;150;15;48;2;133;147;8m▄[38;2;136;147;12;48;2;132;149;11m▍[38;2;134;151;15;48;2;135;149;9m▃[38;2;135;152;15;48;2;135;149;11m▃[38;2;139;152;17;48;2;136;150;15m▗[38;2;137;152;18;48;2;135;151;13m▃[38;2;135;151;18;48;2;134;150;14m▄[38;2;138;152;19;48;2;135;149;14m▅[38;2;134;150;15;48;2;137;148;17m▌[38;2;135;150;19;48;2;133;148;17m▂[0m
[38;2;209;151;145;48;2;210;153;146m▅[38;2;209;150;146;48;2;209;150;145m╸[38;2;211;148;143;48;2;209;146;144m▌[38;2;209;143;142;48;2;211;147;145m▗[38;2;208;140;138;48;2;211;143;141m┎[38;2;211;141;141;48;2;209;142;139m▃[38;2;213;142;143;48;2;210;140;141m╺[38;2;208;138;136;48;2;210;140;140m┑[38;2;208;138;134;48;2;210;139;138m╺[38;2;209;140;137;48;2;209;137;140m┛[38;2;213;137;141;48;2;210;136;138m▘[38;2;207;136;134;48;2;209;136;138m╴[38;2;210;136;137;48;2;213;135;141m▊[38;2;212;137;141;48;2;209;136;138m╴[38;2;210;140;142m╍[38;2;207;136;137;48;2;210;139;139m▚[38;2;210;138;139;48;2;209;137;133m▇[38;2;206;135;137;48;2;209;139;138m╸[38;2;209;138;138;48;2;208;140;133m▏[38;2;207;137;136;48;2;207;142;132m▃[38;2;206;141;137;48;2;204;145;130m▅[38;2;206;145;133;48;2;203;147;127m▅[38;2;202;149;127;48;2;204;145;130m▝[38;2;202;148;128;48;2;198;151;119m▆[38;2;199;149;129;48;2;197;149;119m▃[38;2;196;149;121;48;2;193;149;110m▅[38;2;194;149;116;48;2;187;150;103m▅[38;2;191;149;108;48;2;179;146;91m▆[38;2;188;150;100;48;2;178;147;82m▅[38;2;185;148;94;48;2;176;148;76m▃[38;2;176;146;84;48;2;168;146;65m▄[38;2;172;145;73;48;2;161;145;54m▄[38;2;163;145;57;48;2;154;145;39m▅[38;2;157;144;48;48;2;145;145;23m▅[38;2;152;144;37;48;2;137;141;15m▅[38;2;146;145;28;48;2;130;139;9m▅[38;2;141;143;22;48;2;129;140;8m▄[38;2;136;142;19;48;2;127;141;7m▃[38;2;135;141;12;48;2;124;139;6m▂[38;2;126;138;9;48;2;119;139;6m▄[38;2;123;138;7;48;2;116;137;4m▅[38;2;119;139;5;48;2;115;136;4m▃[38;2;117;137;7;48;2;114;135;4m╾[38;2;115;136;6;48;2;110;133;3m▅[48;2;112;135;4m [38;2;115;137;7;48;2;110;133;3m▖[38;2;113;135;7;48;2;110;133;4m╴[38;2;109;133;7;48;2;107;132;4m▖[38;2;113;132;9;48;2;110;131;4m▝[38;2;112;131;8;48;2;117;129;10m▌[38;2;116;130;11;48;2;121;130;15m▏[38;2;124;131;21;48;2;126;131;27m▋[38;2;130;129;29;48;2;136;128;32m▌[38;2;137;129;37;48;2;143;127;41m▊[38;2;142;127;43;48;2;145;127;46m▌[38;2;147;126;51;48;2;152;127;55m▉[38;2;157;125;64;48;2;153;125;58m▗[38;2;160;125;63;48;2;164;124;68m▌[38;2;170;125;81;48;2;166;126;74m▗[38;2;173;125;83;48;2;169;122;75m▄[38;2;179;123;88;48;2;175;123;84m▃[38;2;185;123;93;48;2;180;124;87m▅[38;2;186;123;96;48;2;180;123;84m▆[38;2;187;123;96;48;2;181;126;82m▅[38;2;187;124;94;48;2;175;125;77m▆[38;2;185;124;91;48;2;176;128;74m▅[38;2;180;126;84;48;2;168;127;65m▆[38;2;175;127;80;48;2;164;130;66m▄[38;2;167;128;69;48;2;156;129;54m▅[38;2;163;129;62;48;2;152;129;46m▅[38;2;160;129;58;48;2;149;131;42m▅[38;2;158;131;55;48;2;145;133;37m▅[38;2;155;132;52;48;2;144;133;33m▅[38;2;153;131;48;48;2;142;133;31m▅[38;2;154;131;44;48;2;140;133;32m▅[38;2;150;132;44;48;2;144;133;35m▃[38;2;151;133;42;48;2;146;133;36m▃[38;2;147;134;40;48;2;142;134;35m▃[38;2;143;131;35;48;2;145;135;38m╶[38;2;145;135;37;48;2;144;135;33m▅[38;2;149;136;36;48;2;146;135;32m▖[38;2;148;137;34;48;2;144;137;30m▅[38;2;147;138;34;48;2;144;143;30m▇[38;2;148;140;37;48;2;145;140;30m▆[48;2;144;143;31m▅[38;2;149;143;37;48;2;147;145;28m▆[38;2;149;144;40;48;2;145;144;28m▄[38;2;147;144;39;48;2;145;146;29m▖[38;2;146;146;32;48;2;141;145;24m▄[38;2;143;148;27;48;2;138;151;20m▅[38;2;139;149;24;48;2;136;150;18m▅[38;2;138;152;21;48;2;135;150;20m┗[38;2;141;157;26;48;2;136;152;20m╶[38;2;138;153;24;48;2;136;152;19m▅[38;2;140;155;29;48;2;138;153;24m▃[38;2;142;154;29;48;2;138;155;24m▄[38;2;139;155;29;48;2;135;152;22m▆[38;2;139;154;28;48;2;136;152;19m▅[38;2;140;153;27;48;2;135;151;19m▅[38;2;139;152;28;48;2;136;150;23m▖[0m
[38;2;211;147;142;48;2;211;149;145m▆[38;2;210;145;142;48;2;211;146;148m▆[38;2;210;144;146;48;2;211;144;142m▏[38;2;209;142;138;48;2;211;143;141m▆[38;2;208;137;137;48;2;210;140;139m▗[38;2;211;139;140;48;2;209;138;138m╻[38;2;209;137;138;48;2;211;140;140m▅[38;2;206;136;138;48;2;210;138;139m┍[38;2;208;137;137;48;2;209;137;141m▚[38;2;212;135;135;48;2;211;136;137m╸[38;2;212;135;140;48;2;210;135;138m▝[38;2;209;134;137;48;2;211;136;139m▊[38;2;211;136;140;48;2;210;135;136m▆[38;2;210;134;138;48;2;212;138;141m▆[38;2;211;133;137;48;2;211;135;139m┑[38;2;207;133;135;48;2;208;136;139m▁[38;2;208;135;134;48;2;208;134;138m╍[38;2;210;134;138;48;2;210;138;139m▆[38;2;208;133;137;48;2;210;135;138m▏[38;2;208;135;140;48;2;210;137;138m▂[38;2;213;142;143;48;2;209;139;140m╵[38;2;208;138;136;48;2;209;141;138m▎[38;2;205;144;136;48;2;208;143;138m▝[38;2;207;142;136;48;2;206;148;131m▆[38;2;204;143;135;48;2;204;148;133m▄[38;2;203;143;132;48;2;202;149;129m▄[38;2;206;146;130;48;2;200;150;128m▄[38;2;201;147;128;48;2;197;150;122m▄[38;2;198;148;123;48;2;191;150;113m▆[38;2;199;147;122;48;2;193;148;109m▄[38;2;195;148;115;48;2;185;148;97m▅[38;2;194;146;107;48;2;184;148;92m▃[38;2;185;146;96;48;2;175;146;78m▄[38;2;180;147;85;48;2;170;147;68m▄[38;2;175;147;75;48;2;164;144;57m▃[38;2;166;147;61;48;2;154;145;46m▄[38;2;159;143;51;48;2;148;141;35m▄[38;2;151;143;41;48;2;142;142;23m▄[38;2;145;142;34;48;2;138;142;19m▃[38;2;139;142;23;48;2;132;141;14m▄[38;2;133;140;14;48;2;128;141;11m▄[38;2;129;140;10;48;2;122;139;7m▃[38;2;123;138;7;48;2;118;138;4m▆[38;2;121;139;6;48;2;119;138;5m▂[38;2;114;136;5;48;2;117;137;4m▝[38;2;118;136;5;48;2;113;135;5m▁[38;2;115;136;4;48;2;112;135;4m▄[38;2;113;134;4;48;2;109;133;3m▅[38;2;115;133;7;48;2;111;132;3m▆[38;2;121;134;14;48;2;116;131;6m▃[38;2;125;132;18;48;2;120;131;16m▄[38;2;131;130;26;48;2;125;131;23m▂[38;2;132;128;28;48;2;136;130;33m▊[38;2;137;130;35;48;2;138;127;39m▅[38;2;139;126;39;48;2;143;127;47m▖[38;2;147;126;50;48;2;150;126;52m▃[38;2;152;126;57;48;2;156;127;60m▌[38;2;158;125;63;48;2;161;125;69m▍[38;2;170;124;82;48;2;167;125;74m▝[38;2;171;123;82;48;2;175;124;85m▋[38;2;181;123;92;48;2;178;123;89m┕[38;2;185;121;94;48;2;186;120;98m▋[38;2;191;122;104;48;2;195;123;108m▊[38;2;196;120;110;48;2;195;121;105m▃[38;2;199;121;110;48;2;198;121;105m▆[38;2;199;121;109;48;2;193;121;106m▌[38;2;194;121;106;48;2;188;123;97m▖[38;2;182;124;86;48;2;186;124;93m▝[38;2;170;126;73;48;2;179;126;84m▝[38;2;178;126;77;48;2;167;128;69m▄[38;2;169;128;70;48;2;165;128;65m▃[38;2;166;128;64;48;2;160;126;58m▇[38;2;165;129;65;48;2;160;129;61m▃[38;2;164;129;63;48;2;161;130;57m▃[38;2;157;128;57;48;2;159;130;56m▂[38;2;159;132;55;48;2;157;133;47m▊[38;2;155;134;49;48;2;153;132;47m╌[38;2;152;132;46;48;2;149;132;42m▎[38;2;146;134;39;48;2;147;132;43m▃[38;2;145;135;36;48;2;148;135;39m▁[38;2;147;136;41;48;2;149;133;40m▃[38;2;149;135;43;48;2;147;135;35m▇[38;2;151;134;41;48;2;150;138;36m▆[38;2;152;134;42;48;2;151;138;40m▃[38;2;154;135;40;48;2;153;140;41m▖[38;2;149;139;41;48;2;153;139;43m╴[38;2;156;139;44;48;2;152;141;43m▖[38;2;152;142;43;48;2;149;142;38m▍[38;2;145;145;35;48;2;147;148;38m▆[38;2;144;147;34;48;2;143;147;30m▉[38;2;139;149;27;48;2;141;149;29m┣[38;2;140;151;27;48;2;136;151;23m▍[38;2;135;152;23;48;2;139;154;25m▅[38;2;137;153;25;48;2;139;154;29m▊[38;2;137;151;27m▎[38;2;144;155;34;48;2;141;155;31m┍[38;2;143;158;36;48;2;142;155;33m╺[38;2;141;152;31;48;2;141;156;34m╹[38;2;141;153;29;48;2;142;156;33m▘[38;2;142;155;37;48;2;140;154;35m╉[0m
[38;2;209;149;144;48;2;210;146;138m▌[38;2;208;147;139;48;2;211;146;140m─[38;2;209;146;141;48;2;210;141;139m▖[38;2;207;139;133;48;2;210;142;139m╾[38;2;209;142;141;48;2;209;140;135m▄[38;2;209;140;140;48;2;209;140;138m▍[38;2;206;138;133;48;2;209;138;138m╌[38;2;210;135;134;48;2;209;137;137m▝[38;2;210;136;136;48;2;211;137;140m▄[38;2;211;137;140;48;2;210;136;138m▂[38;2;211;135;136;48;2;211;135;139m╷[38;2;210;134;138;48;2;213;134;142m▆[38;2;208;129;137;48;2;212;133;139m╻[38;2;205;134;138;48;2;210;134;139m┓[38;2;209;134;141;48;2;210;134;138m▖[38;2;210;133;140;48;2;211;134;138m┑[38;2;213;137;141;48;2;210;133;139m╺[38;2;209;134;135;48;2;211;134;139m╍[38;2;210;136;138;48;2;210;135;140m╴[38;2;212;136;141;48;2;210;136;139m▝[38;2;211;140;140;48;2;209;137;139m▗[38;2;207;139;140;48;2;210;139;141m┏[38;2;214;139;143;48;2;208;140;142m━[38;2;210;140;138;48;2;209;141;141m▃[38;2;210;143;142;48;2;209;141;136m▘[38;2;207;144;133;48;2;209;141;138m▝[38;2;210;139;135;48;2;208;144;134m▂[38;2;211;144;135;48;2;205;144;132m▖[38;2;207;145;133;48;2;202;147;129m▄[38;2;200;146;125;48;2;206;144;130m▘[38;2;204;143;129;48;2;199;144;123m▆[38;2;203;141;125;48;2;198;144;119m▄[38;2;205;141;123;48;2;195;144;112m▃[38;2;200;142;116;48;2;191;146;103m▄[38;2;194;141;107;48;2;183;143;92m▄[38;2;188;142;97;48;2;176;143;81m▃[38;2;179;142;83;48;2;170;146;70m▄[38;2;174;143;74;48;2;162;142;57m▄[38;2;167;142;64;48;2;156;143;49m▃[38;2;158;142;55;48;2;148;140;35m▄[38;2;152;142;42;48;2;141;142;28m▄[38;2;146;140;31;48;2;133;140;18m▄[38;2;137;139;23;48;2;131;140;13m▃[38;2;136;139;17;48;2;125;140;10m▃[38;2;128;136;10;48;2;123;139;7m▃[38;2;125;137;8;48;2;120;137;4m▖[38;2;124;141;8;48;2;118;137;4m─[38;2;116;137;5;48;2;113;134;5m▃[38;2;115;136;9;48;2;114;134;4m▂[38;2;122;133;13;48;2;117;135;7m▝[38;2;119;134;11;48;2;124;131;17m▖[38;2;128;132;21;48;2;131;129;26m▃[38;2;132;129;28;48;2;137;129;34m▃[38;2;140;129;37;48;2;143;128;43m▌[38;2;146;128;49;48;2;149;127;51m▋[38;2;156;126;59;48;2;151;127;54m▗[38;2;160;126;66;48;2;158;126;61m▗[38;2;164;124;74;48;2;162;126;67m▂[38;2;165;123;71;48;2;170;125;77m▘[38;2;169;122;77;48;2;174;124;83m╸[38;2;174;122;84;48;2;179;123;90m▏[38;2;182;122;93;48;2;185;122;97m▍[38;2;192;120;106;48;2;189;120;103m▝[38;2;196;118;105;48;2;195;121;109m╌[38;2;199;118;111;48;2;200;120;113m╻[38;2;201;123;116;48;2;200;120;111m▖[38;2;195;122;111;48;2;193;121;105m┠[38;2;190;122;101;48;2;187;122;97m▌[38;2;185;124;93;48;2;181;123;89m▘[38;2;179;125;85;48;2;176;125;82m▌[38;2;172;125;82;48;2;170;125;74m╸[38;2;163;125;63;48;2;167;127;68m▗[38;2;161;128;58;48;2;166;127;64m▄[38;2;156;129;53;48;2;163;129;59m▃[38;2;156;130;47;48;2;162;130;58m▃[38;2;151;131;44;48;2;158;131;51m▄[38;2;147;132;37;48;2;152;132;44m▂[38;2;144;132;36;48;2;148;132;38m▂[38;2;147;134;36;48;2;142;134;31m▘[38;2;140;134;27;48;2;144;136;35m▆[38;2;136;133;23;48;2;143;136;34m▂[38;2;138;135;24;48;2;145;134;35m▂[38;2;143;136;31;48;2;148;134;38m▄[38;2;144;136;35;48;2;150;134;41m▄[38;2;145;138;35;48;2;150;136;41m▃[38;2;147;135;35;48;2;152;136;43m▄[38;2;148;136;34;48;2;153;139;41m▃[38;2;144;139;28;48;2;149;141;37m▄[38;2;145;141;27;48;2;144;142;33m▃[38;2;139;145;24;48;2;144;144;27m▗[38;2;141;146;26;48;2;138;146;24m▎[38;2;136;147;17;48;2;136;149;21m┎[38;2;135;150;20;48;2;136;151;22m▅[38;2;134;150;19;48;2;137;151;26m╸[38;2;139;151;27;48;2;138;153;30m▆[38;2;137;152;27;48;2;141;155;30m━[38;2;139;154;29;48;2;141;155;34m┯[38;2;147;157;34;48;2;142;155;34m┬[38;2;141;154;33;48;2;144;154;35m▏[38;2;139;150;37;48;2;142;154;35m┕[0m
[38;2;210;152;146;48;2;209;148;142m▆[38;2;213;150;145;48;2;208;145;142m▁[38;2;211;144;143;48;2;208;141;138m▆[38;2;208;141;136;48;2;209;142;138m╲[38;2;210;141;138;48;2;210;142;142m▃[38;2;209;138;137;48;2;209;138;140m▚[38;2;210;136;135;48;2;209;137;139m▄[38;2;212;137;141;48;2;210;136;138m╴[38;2;210;135;136;48;2;210;134;139m▋[38;2;209;133;135;48;2;211;135;138m┕[38;2;210;134;138;48;2;212;135;139m▘[38;2;213;134;142;48;2;211;131;139m▋[38;2;213;134;141;48;2;212;133;139m▚[38;2;209;134;137;48;2;213;132;140m▝[38;2;209;136;140;48;2;210;131;138m▄[38;2;208;134;139;48;2;212;132;139m▖[38;2;209;132;139;48;2;211;134;140m╍[38;2;211;134;140;48;2;213;136;142m╾[38;2;213;139;146;48;2;211;137;141m▁[38;2;212;141;144;48;2;211;138;142m┎[38;2;211;140;147;48;2;209;138;144m┎[48;2;210;139;143m [38;2;212;141;145;48;2;209;139;141m▖[38;2;209;139;141;48;2;210;141;141m▄[38;2;207;137;139;48;2;210;140;142m╻[38;2;209;139;137;48;2;210;141;141m▌[38;2;213;144;140;48;2;210;140;139m╵[38;2;210;141;139;48;2;209;140;136m▄[38;2;213;142;142;48;2;209;141;135m▁[38;2;208;144;136;48;2;206;143;133m▃[38;2;208;144;135;48;2;205;142;132m▅[38;2;205;142;132;48;2;204;140;130m▃[38;2;209;140;131;48;2;204;137;124m▃[38;2;207;135;127;48;2;203;135;119m▃[38;2;207;131;120;48;2;198;134;110m▄[38;2;205;129;115;48;2;195;133;106m▃[38;2;199;127;105;48;2;190;136;97m▃[38;2;192;130;95;48;2;183;140;87m▄[38;2;186;133;87;48;2;174;140;76m▄[38;2;178;133;79;48;2;168;140;68m▄[38;2;173;134;67;48;2;162;141;56m▄[38;2;167;137;60;48;2;155;139;46m▃[38;2;157;138;48;48;2;147;137;34m▅[38;2;150;137;39;48;2;141;138;25m▄[38;2;143;136;29;48;2;133;137;18m▄[38;2;137;136;20;48;2;127;137;12m▃[38;2;130;137;13;48;2;123;136;8m▃[38;2;123;138;6;48;2;118;138;6m▄[38;2;118;138;7;48;2;115;136;5m▃[38;2;118;138;6;48;2;114;136;5m▖[38;2;119;131;9;48;2;116;135;5m▝[38;2;118;135;9;48;2;123;133;16m▃[38;2;121;132;14;48;2;126;132;23m▖[38;2;138;129;35;48;2;131;131;28m▝[38;2;138;128;34;48;2;142;128;42m▖[38;2;153;126;54;48;2;146;127;46m▝[38;2;158;125;63;48;2;150;126;54m▝[38;2;155;126;59;48;2;163;125;68m▃[38;2;164;125;70;48;2;171;124;77m▄[38;2;169;124;78;48;2;178;123;86m▄[38;2;178;122;87;48;2;181;121;92m▂[38;2;183;122;95;48;2;189;122;100m▖[38;2;196;120;111;48;2;192;122;106m━[38;2;195;121;110;48;2;198;121;113m▍[38;2;197;120;112;48;2;200;122;115m▆[38;2;196;119;110;48;2;196;122;109m▎[38;2;193;122;106;48;2;190;121;100m▌[38;2;190;122;102;48;2;185;123;96m▘[38;2;182;124;93;48;2;179;122;87m▊[38;2;174;121;79;48;2;178;124;85m▂[38;2;173;125;80;48;2;170;125;76m▘[38;2;167;125;73;48;2;165;126;68m▘[38;2;162;128;62;48;2;159;128;56m▊[38;2;157;129;56;48;2;152;127;52m▊[38;2;151;130;50;48;2;148;130;42m▋[38;2;147;131;39;48;2;144;131;39m▘[38;2;141;131;34;48;2;138;133;31m▍[38;2;138;135;29;48;2;134;134;24m▍[38;2;130;133;18;48;2;136;133;25m▆[38;2;125;135;11;48;2;133;134;19m▅[38;2;122;136;8;48;2;133;135;15m▄[38;2;122;137;8;48;2;134;137;17m▄[38;2;120;137;7;48;2;135;138;20m▃[38;2;126;136;11;48;2;138;137;22m▄[38;2;128;139;12;48;2;140;138;22m▃[38;2;131;138;14;48;2;142;137;26m▃[38;2;136;140;19;48;2;144;138;28m▄[38;2;143;140;26;48;2;140;139;22m┙[38;2;138;141;19;48;2;142;140;25m▆[38;2;133;143;14;48;2;137;142;21m▅[38;2;133;144;13;48;2;135;145;19m▅[38;2;130;145;11;48;2;131;149;16m▃[38;2;131;149;15;48;2;133;149;16m▊[38;2;132;150;18;48;2;137;151;21m▄[38;2;133;150;22;48;2;138;152;26m▃[38;2;138;152;25;48;2;141;152;27m▊[38;2;140;151;27;48;2;140;155;31m▃[38;2;142;153;33;48;2;140;156;33m▁[38;2;142;155;36;48;2;140;154;34m┆[38;2;142;153;33;48;2;142;153;35m╱[0m
[38;2;210;153;148;48;2;208;150;141m▋[38;2;211;151;146;48;2;211;149;144m╻[38;2;211;149;141;48;2;207;146;140m▄[38;2;208;145;142;48;2;212;143;140m▆[38;2;208;143;139;48;2;207;140;136m▇[38;2;210;142;141;48;2;209;138;138m▄[38;2;209;138;139;48;2;210;138;136m▖[38;2;207;135;135;48;2;210;137;137m┎[38;2;209;134;137;48;2;209;136;138m╍[38;2;211;135;138;48;2;209;135;138m┻[38;2;214;136;139;48;2;212;135;137m▁[38;2;208;133;135;48;2;213;132;139m▃[38;2;207;131;137;48;2;211;135;140m╏[38;2;209;134;140;48;2;212;135;141m▚[38;2;210;134;137;48;2;211;134;142m▘[38;2;209;133;139;48;2;212;135;141m╌[38;2;211;135;141;48;2;213;138;144m▊[38;2;211;140;144;48;2;211;136;143m▃[38;2;209;137;146;48;2;212;139;147m▄[38;2;214;142;150;48;2;212;140;146m┗[38;2;209;139;144;48;2;212;141;146m┘[38;2;212;142;148;48;2;210;141;145m▅[38;2;212;144;146;48;2;210;142;145m╻[38;2;212;142;145;48;2;208;141;142m▅[38;2;209;142;143;48;2;211;141;143m▘[38;2;211;143;143;48;2;208;139;141m▆[38;2;210;142;143;48;2;207;140;140m▉[38;2;207;139;138;48;2;208;141;141m╸[38;2;212;141;142;48;2;209;141;139m▍[38;2;210;143;140;48;2;208;141;138m╲[38;2;207;139;135;48;2;209;141;138m╏[38;2;210;142;140;48;2;208;142;137m╺[38;2;209;140;138;48;2;209;140;132m▆[38;2;209;139;135;48;2;206;137;130m▆[38;2;208;136;134;48;2;209;133;125m▄[38;2;208;125;119;48;2;207;133;126m▝[38;2;209;127;123;48;2;202;124;113m▅[38;2;205;124;114;48;2;200;126;105m▅[38;2;200;122;107;48;2;194;127;95m▅[38;2;195;124;95;48;2;186;127;85m▅[38;2;189;124;84;48;2;180;128;75m▅[38;2;184;124;77;48;2;175;129;67m▄[38;2;174;125;64;48;2;163;132;57m▆[38;2;168;126;56;48;2;160;133;48m▅[38;2;163;123;48;48;2;154;132;40m▃[38;2;155;127;38;48;2;144;134;28m▅[38;2;148;126;31;48;2;140;135;21m▃[38;2;138;132;20;48;2;130;136;12m▅[38;2;134;134;15;48;2;125;138;10m▂[38;2;125;138;10;48;2;120;137;5m▄[38;2;121;138;7;48;2;118;135;5m▏[38;2;119;134;8;48;2;115;136;5m▝[38;2;121;134;14;48;2;117;135;8m▝[38;2;124;134;13;48;2;126;132;23m▅[38;2;130;132;20;48;2;136;130;32m▅[38;2;136;130;31;48;2;140;130;38m▅[38;2;140;128;37;48;2;144;128;45m▃[38;2;153;126;57;48;2;148;128;48m▝[38;2;150;126;52;48;2;158;126;63m▖[38;2;158;125;63;48;2;165;125;72m▖[38;2;176;122;83;48;2;170;123;77m▝[38;2;174;122;84;48;2;179;121;92m▃[38;2;180;123;91;48;2;188;123;101m▄[38;2;182;124;95;48;2;191;122;105m▂[38;2;189;121;96;48;2;195;122;105m▃[38;2;190;124;97;48;2;193;121;107m▂[38;2;192;124;103;48;2;188;122;98m▍[38;2;183;122;95;48;2;182;124;90m▋[38;2;179;126;88;48;2;177;124;83m▎[38;2;176;125;80;48;2;171;124;75m▋[38;2;163;121;67;48;2;167;125;71m╺[38;2;160;125;64;48;2;162;127;66m┣[38;2;153;126;53;48;2;159;126;60m▗[38;2;149;128;48;48;2;154;129;54m▄[38;2;149;128;46;48;2;143;130;42m▋[38;2;138;131;33;48;2;144;131;38m▗[38;2;135;131;27;48;2;137;131;31m▗[38;2;135;133;26;48;2;130;132;22m▊[38;2;131;132;22;48;2;126;133;17m▘[38;2;125;135;15;48;2;122;133;10m▍[38;2;117;134;3;48;2;121;135;7m╺[38;2;120;137;6;48;2;116;135;6m┻[38;2;115;136;4;48;2;121;139;5m▇[38;2;115;137;5;48;2;121;138;5m▃[38;2;116;138;4;48;2;120;138;5m▂[38;2;118;140;5;48;2;123;138;9m▅[38;2;119;141;5;48;2;126;139;10m▆[38;2;121;140;5;48;2;131;138;10m▅[38;2;125;139;7;48;2;131;141;10m▅[38;2;124;142;8;48;2;128;141;9m▃[38;2;125;140;6;48;2;131;142;10m▅[38;2;125;143;7;48;2;129;146;10m▅[38;2;130;149;14;48;2;128;146;11m└[38;2;129;147;14;48;2;134;148;19m▋[38;2;134;147;17;48;2;138;150;21m▉[38;2;138;154;28;48;2;137;151;22m▝[38;2;137;152;23;48;2;139;152;27m┓[38;2;137;152;22;48;2;140;153;30m╸[38;2;140;154;31;48;2;142;155;34m▇[38;2;139;151;32;48;2;141;151;33m┓[0m
[38;2;210;153;150;48;2;209;151;146m▘[38;2;212;149;146;48;2;208;151;140m▁[38;2;209;149;143;48;2;207;145;142m▋[38;2;206;143;140;48;2;211;145;144m╺[38;2;208;143;142;48;2;210;144;142m┙[38;2;211;142;139;48;2;213;145;145m▇[38;2;214;142;144;48;2;211;140;138m▁[38;2;211;139;141;48;2;210;137;139m┻[38;2;210;136;139;48;2;210;137;140m╷[38;2;215;136;141;48;2;209;136;138m╴[38;2;215;136;137;48;2;211;136;138m╷[38;2;212;137;141;48;2;210;135;139m╶[38;2;213;134;139;48;2;211;133;137m┳[38;2;210;131;135m▖[38;2;211;132;138;48;2;213;134;141m━[38;2;214;135;141;48;2;211;134;140m╸[38;2;212;134;142;48;2;212;135;146m▉[38;2;209;136;144;48;2;212;138;145m▝[38;2;210;138;144;48;2;212;139;146m▃[38;2;213;139;146;48;2;211;141;147m▅[38;2;212;141;148;48;2;210;141;145m▎[38;2;210;142;145;48;2;213;141;147m▍[38;2;212;140;145;48;2;213;142;148m┒[38;2;212;142;147;48;2;214;145;147m▆[38;2;213;144;148;48;2;212;142;146m┙[38;2;210;142;146;48;2;214;145;147m▇[38;2;209;143;145;48;2;212;144;147m▅[38;2;213;145;149;48;2;212;144;145m╻[38;2;210;146;143;48;2;211;144;141m▂[38;2;210;145;143;48;2;209;141;139m▇[38;2;212;145;146;48;2;210;143;144m▎[38;2;207;142;142;48;2;211;145;145m▘[38;2;211;143;143;48;2;210;141;138m▄▃[38;2;210;143;140;48;2;209;139;136m▅[38;2;210;138;139;48;2;209;135;131m▄[38;2;211;131;134;48;2;209;126;126m▆[38;2;212;128;132;48;2;210;125;122m▃[38;2;211;124;126;48;2;208;122;117m▖[38;2;209;119;115;48;2;203;120;109m▆[38;2;196;121;96;48;2;205;118;108m▝[38;2;201;116;100;48;2;191;121;89m▄[38;2;196;116;92;48;2;185;120;77m▄[38;2;189;116;81;48;2;178;122;66m▄[38;2;183;118;70;48;2;172;120;57m▄[38;2;176;117;59;48;2;164;121;46m▄[38;2;167;117;48;48;2;156;121;35m▄[38;2;161;120;40;48;2;152;121;29m▖[38;2;151;118;28;48;2;142;126;21m▃[38;2;143;123;19;48;2;133;132;15m▄[38;2;136;127;13;48;2;128;135;10m▃[38;2;130;134;10;48;2;121;137;7m▂[38;2;125;136;7;48;2;118;137;6m▁[38;2;119;136;11;48;2;119;136;5m▝[38;2;123;135;13;48;2;126;133;20m▆[38;2;134;132;27;48;2;128;133;19m▝[38;2;133;132;27;48;2;138;130;34m▅[38;2;138;130;35;48;2;143;129;41m▄[38;2;143;129;41;48;2;148;128;48m▖[38;2;149;128;50;48;2;154;127;56m▖[38;2;158;126;60;48;2;164;126;66m▅[38;2;163;126;67;48;2;169;124;76m▅[38;2;168;125;72;48;2;175;123;83m▄[38;2;168;126;75;48;2;179;124;86m▃[38;2;169;126;77;48;2;178;122;87m▃[38;2;174;125;78;48;2;183;124;90m▃[38;2;175;125;79;48;2;182;123;89m▂[38;2;177;124;84;48;2;182;124;91m▅[38;2;171;124;77;48;2;177;124;82m▗[38;2;166;124;70;48;2;169;126;75m▂[38;2;164;125;69;48;2;162;125;63m▍[38;2;155;126;57;48;2;159;126;62m▗[38;2;158;129;57;48;2;155;127;54m╵[38;2;150;129;48;48;2;146;129;44m▋[38;2;145;129;42;48;2;141;131;40m▋[38;2;139;130;36;48;2;135;130;31m▊[38;2;135;132;31;48;2;131;131;24m▍[38;2;124;130;18;48;2;128;132;20m┞[38;2;124;132;15;48;2;122;132;10m▍[38;2;121;134;9;48;2;118;135;8m▌[38;2;115;133;5;48;2;117;134;7m▄[38;2;115;136;7;48;2;114;135;5m▊[38;2;115;136;5;48;2;114;135;3m▆[38;2;117;138;8;48;2;116;135;5m╴[38;2;114;134;4;48;2;118;135;4m▖[38;2;118;138;7;48;2;116;137;5m╻[38;2;118;138;5;48;2;120;139;6m▊[38;2;119;138;4;48;2;122;140;7m▆[38;2;118;139;3;48;2;115;139;4m▆[38;2;120;140;5;48;2;124;141;7m▆[38;2;119;135;2;48;2;124;140;6m▁[38;2;122;139;5;48;2;125;141;7m┓[38;2;126;143;8;48;2;127;147;12m▆[38;2;128;145;12;48;2;131;147;15m▆[38;2;128;145;13;48;2;132;149;16m▖[38;2;133;148;18;48;2;135;149;23m▍[38;2;135;148;21;48;2;136;151;23m┍[38;2;138;150;25;48;2;140;150;27m▏[38;2;143;153;33;48;2;141;152;30m┯[38;2;141;152;32;48;2;143;152;38m▊[0m
[38;2;209;150;142;48;2;210;150;146m▖[38;2;207;145;142;48;2;209;146;144m▂[38;2;211;147;143;48;2;209;145;141m▎[38;2;211;141;140;48;2;208;145;141m▄[38;2;209;139;139;48;2;211;142;141m▖[38;2;208;137;138;48;2;211;140;141m▗[38;2;213;140;142;48;2;211;137;139m▘[38;2;212;137;141;48;2;209;136;139m╹[38;2;208;134;136;48;2;210;136;140m▁[38;2;213;133;137;48;2;210;134;137m▝[38;2;213;131;141;48;2;211;134;139m┻[38;2;210;129;134;48;2;211;134;137m▖[38;2;211;134;138;48;2;210;132;136m┩[38;2;210;132;137;48;2;211;131;135m▊[38;2;210;131;134;48;2;212;133;139m▘[38;2;214;133;140;48;2;210;131;137m╸[38;2;212;136;143;48;2;210;133;140m▏[38;2;211;133;139;48;2;208;135;140m▆[38;2;212;137;142;48;2;209;134;141m▋[38;2;209;133;138;48;2;212;136;143m▂[38;2;210;133;139;48;2;213;137;143m▁[38;2;213;140;144;48;2;210;136;141m┗[38;2;211;137;142;48;2;212;140;148m▄[38;2;211;142;147;48;2;210;138;144m▘[38;2;211;138;143;48;2;212;142;145m▃[38;2;212;141;145;48;2;209;144;146m▆[38;2;212;145;149;48;2;212;143;145m┛[38;2;212;141;145;48;2;209;144;143m▃[38;2;210;144;144;48;2;211;146;145m▍[38;2;211;144;145;48;2;209;143;141m▅[38;2;212;143;143;48;2;211;142;142m┡[38;2;209;139;141;48;2;211;143;143m▄[38;2;211;139;141;48;2;212;141;144m▄[38;2;212;141;141;48;2;211;141;141m╻[38;2;209;138;138m┒[38;2;212;141;143;48;2;211;139;140m▘[38;2;210;138;139;48;2;209;135;137m▌[38;2;210;132;135;48;2;210;128;132m▋[38;2;211;124;130;48;2;210;123;126m▆[38;2;211;118;127;48;2;209;119;121m▆[38;2;213;114;124;48;2;208;115;116m▃[38;2;211;109;112;48;2;206;113;107m▅[38;2;207;108;106;48;2;203;115;101m▅[38;2;203;110;98;48;2;194;113;91m▅[38;2;189;113;77;48;2;196;111;87m▝[38;2;192;110;78;48;2;184;116;70m▄[38;2;183;111;69;48;2;177;117;60m▄[38;2;175;112;60;48;2;167;117;51m▄[38;2;169;113;47;48;2;159;118;38m▄[38;2;160;114;35;48;2;150;118;28m▅[38;2;155;119;31;48;2;144;122;21m▄[38;2;147;120;20;48;2;136;127;14m▄[38;2;139;125;15;48;2;128;131;10m▄[38;2;130;131;10;48;2;123;134;5m▅[38;2;124;135;6;48;2;125;134;8m┗[38;2;121;132;5;48;2;124;135;12m▃[38;2;122;134;10;48;2;130;133;19m▃[38;2;128;134;16;48;2;134;132;27m▄[38;2;135;134;26;48;2;139;131;34m▃[38;2;138;130;34;48;2;144;130;43m▃[38;2;146;130;41;48;2;151;129;51m▄[38;2;149;128;49;48;2;156;128;57m▄[38;2;155;128;55;48;2;164;127;69m▅[38;2;153;127;53;48;2;162;127;67m▄[38;2;157;126;56;48;2;164;127;69m▄[38;2;159;127;58;48;2;167;127;73m▅[38;2;164;127;62;48;2;170;126;72m▄[38;2;167;127;69;48;2;171;125;77m▄[38;2;169;122;73;48;2;172;125;76m╴[38;2;175;127;76;48;2;169;126;69m▃[38;2;173;125;73;48;2;164;125;64m▃[38;2;168;127;66;48;2;156;126;55m▃[38;2;158;126;57;48;2;152;127;49m▖[38;2;155;126;46;48;2;147;129;45m▁[38;2;140;130;31;48;2;142;130;37m▗[38;2;140;131;34;48;2;135;130;27m▘[38;2;135;131;26;48;2;128;131;21m▘[38;2;128;131;19;48;2;124;131;13m▎[38;2;123;133;13;48;2;119;133;8m▍[38;2;120;134;9;48;2;115;135;5m▎[38;2;119;137;5m▝[38;2;113;135;3;48;2;116;136;5m▁[38;2;115;135;5;48;2;114;135;4m╳[38;2;115;134;4;48;2;117;137;6m┿[38;2;117;138;6;48;2;116;136;6m▃[38;2;120;139;7;48;2;117;135;5m▗[38;2;121;141;7;48;2;118;138;5m▁[38;2;119;139;6;48;2;117;138;4m▚[38;2;121;138;6;48;2;117;137;3m▄[48;2;119;139;5m▄[38;2;121;140;6;48;2;120;139;5m┟[38;2;118;141;5;48;2;121;140;5m╸[38;2;122;140;6;48;2;124;143;6m▃[38;2;124;142;9;48;2;127;143;11m╸[38;2;130;143;16;48;2;128;145;13m▗[38;2;132;149;21;48;2;131;148;17m▝[38;2;131;148;22;48;2;135;150;24m▍[38;2;136;151;29;48;2;136;150;26m▝[38;2;139;154;32;48;2;137;152;30m┏[38;2;140;150;32;48;2;142;153;33m▇[0m
[38;2;209;148;140;48;2;205;144;134m▋[38;2;210;144;139;48;2;206;144;136m▚[38;2;210;139;135;48;2;210;143;140m▂[38;2;210;138;134;48;2;211;141;140m▅[38;2;210;139;135;48;2;210;136;133m▝[38;2;208;135;135;48;2;210;136;136m╏[38;2;210;133;133;48;2;211;137;139m▄[38;2;210;132;132;48;2;210;136;137m▄[38;2;208;130;131;48;2;209;132;135m▂[38;2;209;131;131;48;2;209;132;136m▃[38;2;211;132;136;48;2;208;129;133m┥[38;2;210;128;132;48;2;211;130;134m▂[38;2;209;129;134;48;2;210;131;137m▍[38;2;210;133;139;48;2;209;131;137m╸[38;2;214;134;141;48;2;210;131;137m╹[38;2;211;132;138;48;2;212;133;140m▘[38;2;209;134;142;48;2;209;133;137m▝[38;2;213;136;142;48;2;210;134;140m╺[38;2;210;135;141;48;2;210;134;139m▗[38;2;210;134;139;48;2;211;134;144m▗[38;2;212;134;143;48;2;211;133;139m▘[38;2;211;135;141;48;2;210;134;140m▘[38;2;211;134;143;48;2;209;133;140m▖[38;2;208;132;136;48;2;210;134;139m▁[38;2;209;131;137;48;2;209;133;140m╷[38;2;211;137;139;48;2;210;134;138m╵[38;2;209;133;138;48;2;211;139;141m▅[38;2;210;134;138;48;2;211;138;142m▄[38;2;209;132;137;48;2;211;139;141m▂[38;2;210;134;139;48;2;212;141;144m▃[38;2;211;136;140;48;2;211;141;143m▃[38;2;210;136;135;48;2;211;140;142m▁[38;2;212;136;138;48;2;212;138;141m▗[38;2;211;133;137;48;2;210;138;139m▃[38;2;211;132;137;48;2;211;138;141m▂[38;2;212;137;140;48;2;211;134;139m▏[38;2;210;133;136;48;2;211;135;139m╄[38;2;207;131;136;48;2;210;132;137m╻[38;2;210;130;138;48;2;209;127;132m▁[38;2;210;116;127;48;2;209;120;130m▝[38;2;209;116;125;48;2;210;112;123m▖[38;2;211;106;114;48;2;213;108;121m▝[38;2;210;104;116;48;2;209;105;111m▄[38;2;203;102;102;48;2;210;102;109m▝[38;2;207;100;103;48;2;200;105;96m▄[38;2;201;97;91;48;2;197;105;85m▄[38;2;199;99;86;48;2;191;104;76m▄[38;2;192;101;74;48;2;183;109;62m▆[38;2;185;102;62;48;2;175;110;51m▆[38;2;177;104;53;48;2;165;110;40m▆[38;2;172;104;44;48;2;163;111;36m▄[38;2;166;104;37;48;2;156;115;30m▃[38;2;159;109;28;48;2;146;117;22m▃[38;2;148;117;20;48;2;138;124;13m▄[38;2;140;125;18;48;2;131;129;12m▄[38;2;132;129;11;48;2;126;133;8m▄[38;2;129;133;10;48;2;122;134;8m▂[38;2;121;135;7;48;2;125;134;11m▆[38;2;122;135;9;48;2;129;134;18m▆[38;2;121;135;7;48;2;131;133;19m▃[38;2;123;132;9;48;2;136;131;24m▃[38;2;126;133;14;48;2;142;131;36m▄[38;2;132;132;21;48;2;145;131;36m▄[38;2;130;131;20;48;2;145;129;41m▃[38;2;134;131;26;48;2;148;129;43m▃[38;2;142;129;32;48;2;151;129;48m▂[38;2;147;130;41;48;2;155;128;55m▂[38;2;155;128;52;48;2;161;127;61m▃[38;2;161;126;58;48;2;168;127;68m▁[38;2;171;126;70;48;2;176;125;76m▃[38;2;173;124;74;48;2;176;125;77m▝[38;2;176;124;76;48;2;171;126;71m▅[38;2;173;125;73;48;2;165;127;63m▄[38;2;170;127;66;48;2;161;126;52m▄[38;2;160;128;55;48;2;150;129;44m▅[38;2;153;128;44;48;2;142;130;31m▅[38;2;149;130;40;48;2;136;131;26m▃[38;2;142;130;30;48;2;126;131;15m▄[38;2;135;132;22;48;2;119;133;8m▄[38;2;129;132;15;48;2;118;133;7m▃[38;2;129;135;16;48;2;116;132;6m▂[38;2;124;134;10;48;2;114;134;4m▂[38;2;121;133;10;48;2;115;134;3m▁[38;2;117;137;6;48;2;116;134;5m┕[38;2;115;134;4;48;2;117;137;6m▄[38;2;120;138;9;48;2;118;137;5m▁[38;2;121;137;8;48;2;119;138;6m╷[38;2;123;138;9;48;2;122;139;6m▅[38;2;122;140;11;48;2;123;138;7m▖[38;2;123;137;6;48;2;125;138;8m╉[38;2;124;140;7;48;2;121;139;5m▆[38;2;127;139;8;48;2;123;140;6m▁[38;2;129;141;8;48;2;124;142;8m▁[38;2;129;145;16;48;2;127;143;12m▗[38;2;134;144;16;48;2;129;145;15m▁[38;2;126;143;15;48;2;131;147;18m╸[38;2;132;146;27;48;2;134;148;22m▎[38;2;133;148;25;48;2;135;150;27m▎[38;2;136;151;28;48;2;138;152;32m▘[38;2;138;151;32;48;2;138;151;35m▎[0m
[38;2;206;140;131;48;2;209;140;132m╴[38;2;209;137;131;48;2;209;141;133m▅[38;2;211;134;129;48;2;211;138;133m▄[38;2;209;133;129;48;2;209;137;131m▄[38;2;209;131;129;48;2;211;136;134m▆[38;2;210;128;124;48;2;210;132;132m▃[38;2;205;131;129;48;2;211;129;128m▝[38;2;208;125;123;48;2;209;128;128m▂[38;2;209;127;125;48;2;210;129;132m▄[38;2;210;125;128;48;2;210;128;129m▄[38;2;208;125;126;48;2;210;127;133m▄[38;2;208;123;127;48;2;211;126;131m▁[38;2;209;124;129;48;2;210;127;133m▂[38;2;210;126;132;48;2;212;128;136m▊[38;2;212;128;136;48;2;211;130;137m▅[38;2;209;128;136;48;2;212;132;139m▖[38;2;212;129;141;48;2;213;134;140m▄[38;2;211;129;138;48;2;211;133;139m▖[38;2;210;133;141;48;2;210;135;137m▄[38;2;212;134;142;48;2;210;133;140m─[38;2;211;131;138;48;2;213;133;141m▌[38;2;209;132;139;48;2;211;133;141m▚[38;2;208;131;138;48;2;211;134;140m┑[38;2;210;133;136;48;2;211;133;139m╺[38;2;211;134;140;48;2;210;132;139m╵[38;2;211;133;140;48;2;209;132;138m╺[38;2;210;129;138m▄[38;2;211;130;137;48;2;212;133;138m┛[38;2;208;132;135;48;2;210;132;139m▘[38;2;208;134;137;48;2;210;133;139m▗[38;2;209;129;135;48;2;210;132;137m╻[38;2;212;132;138;48;2;212;134;138m━[38;2;209;131;139;48;2;211;133;135m▂[38;2;206;132;136;48;2;210;132;137m▍[38;2;211;131;136;48;2;213;132;138m▇[38;2;210;128;134;48;2;212;133;140m▇[38;2;210;127;131;48;2;211;131;137m▄[38;2;210;125;133;48;2;211;130;134m▃[38;2;208;122;135;48;2;210;128;135m▂[38;2;211;121;128;48;2;212;123;132m▗[38;2;211;121;127;48;2;210;116;125m▊[38;2;212;111;125;48;2;210;111;124m┊[38;2;211;109;119;48;2;210;105;116m▖[38;2;211;97;111;48;2;211;101;114m▝[38;2;211;94;110;48;2;208;97;105m▆[38;2;210;91;103;48;2;205;95;96m▅[38;2;207;90;101;48;2;204;94;91m▂[38;2;196;98;75;48;2;202;93;87m▝[38;2;198;94;80;48;2;191;96;70m▄[38;2;191;94;68;48;2;185;96;60m▆[38;2;186;95;61;48;2;178;99;52m▅[38;2;181;96;52;48;2;171;98;42m▄[38;2;173;100;41;48;2;164;103;34m▅[38;2;166;102;34;48;2;157;109;27m▄[38;2;158;108;26;48;2;149;116;21m▄[38;2;149;116;22;48;2;140;123;16m▄[38;2;140;123;17;48;2;134;128;11m▄[38;2;135;127;11;48;2;126;132;7m▄[38;2;130;132;10;48;2;123;133;6m▃[38;2;124;135;8;48;2;117;135;5m▋[38;2;121;134;7;48;2;114;134;6m▄[38;2;116;135;11;48;2;115;135;5m▝[38;2;114;134;5;48;2;119;131;9m▆[38;2;116;133;6;48;2;125;133;13m▆[38;2;121;132;11;48;2;128;133;14m▆[38;2;134;131;24;48;2;127;131;17m▝[38;2;141;132;33;48;2;133;132;22m▝[38;2;140;128;29;48;2;149;130;42m▅[38;2;145;128;36;48;2;157;127;51m▄[38;2;153;128;46;48;2;165;126;60m▄[38;2;163;127;55;48;2;172;125;69m▄[38;2;171;124;67;48;2;179;125;77m▃[38;2;175;123;72;48;2;180;125;78m▂[38;2;179;124;77;48;2;176;126;72m▆[38;2;177;124;73;48;2;169;125;66m▄[38;2;170;126;65;48;2;162;128;56m▆[38;2;165;125;58;48;2;156;128;46m▆[38;2;159;126;54;48;2;151;127;41m▄[38;2;155;128;45;48;2;145;131;34m▅[38;2;155;127;47;48;2;141;131;30m▃[38;2;150;130;41;48;2;138;132;26m▄[38;2;151;130;39;48;2;136;134;24m▃[38;2;152;131;40;48;2;136;133;21m▂[38;2;143;133;30;48;2;129;135;15m▄[38;2;134;133;19;48;2;121;132;8m▆[38;2;131;134;15;48;2;122;136;7m▅[38;2;118;137;6;48;2;126;137;8m▝[38;2;124;141;11;48;2;118;137;6m▆[38;2;127;143;18;48;2;125;142;11m▃[38;2;128;144;22;48;2;126;142;14m▃[38;2;130;144;17;48;2;127;144;10m▆[38;2;130;145;19;48;2;128;140;12m▆[38;2;131;145;19;48;2;128;141;13m▆[38;2;133;148;25;48;2;131;145;16m▃[38;2;138;150;27;48;2;133;143;19m▄[38;2;141;151;33;48;2;136;147;24m▃[38;2;142;154;36;48;2;136;148;27m▂[38;2;138;148;29;48;2;139;152;32m▘[38;2;141;153;39;48;2;140;150;33m▃[38;2;143;150;37;48;2;137;150;34m▅[0m
[38;2;210;132;124;48;2;210;134;126m▗[38;2;208;131;121;48;2;209;132;127m▂[38;2;207;128;122;48;2;208;131;125m▆[38;2;208;126;120;48;2;210;129;123m▄[38;2;209;122;120;48;2;210;128;123m▄[38;2;209;120;117;48;2;210;127;123m▄[38;2;208;120;117;48;2;210;124;122m▃[38;2;208;121;119;48;2;210;125;123m▄[38;2;210;121;119;48;2;209;125;123m▄[38;2;209;121;120;48;2;209;123;128m▆[38;2;209;122;122;48;2;210;126;129m▆[38;2;209;120;122;48;2;211;122;124m╲[38;2;208;120;127;48;2;210;124;128m▗[38;2;214;122;126;48;2;210;126;130m▖[38;2;211;126;128;48;2;210;126;132m▖[38;2;210;126;133;48;2;210;130;135m▂[38;2;212;131;132;48;2;211;128;138m▗[38;2;209;129;131;48;2;211;132;137m▂[48;2;211;132;138m [38;2;212;133;139m┡[38;2;210;129;136;48;2;211;132;139m▂[38;2;210;130;137;48;2;211;132;141m▆[38;2;213;134;140;48;2;212;131;138m╏[38;2;211;131;138;48;2;210;130;136m▘[38;2;212;132;139;48;2;209;131;137m▋[38;2;208;129;136;48;2;210;131;138m╏[38;2;212;130;138;48;2;211;130;136m▊[38;2;214;130;137m━[38;2;211;128;136;48;2;211;131;137m┗[38;2;211;131;137;48;2;208;133;139m▆[38;2;211;129;137;48;2;211;131;139m▇[38;2;210;131;136;48;2;212;133;138m▅[38;2;208;131;131;48;2;210;131;135m╴[38;2;207;130;135;48;2;209;133;134m▄[38;2;210;133;135;48;2;211;131;138m▝[38;2;210;130;136;48;2;210;128;132m▎[38;2;207;128;132;48;2;210;126;132m▂[38;2;212;124;132;48;2;209;123;130m▗[38;2;210;123;129;48;2;210;125;133m▖[38;2;211;121;128;48;2;211;124;132m▝[38;2;211;120;127;48;2;210;117;128m▉[38;2;211;110;124;48;2;210;115;127m▝[38;2;210;110;123;48;2;211;107;121m▋[38;2;211;107;121;48;2;211;101;116m▖[38;2;213;99;115;48;2;211;94;113m▖[38;2;211;90;105;48;2;212;91;110m▝[38;2;211;88;104;48;2;206;86;101m▊[38;2;206;88;101;48;2;205;88;93m▖[38;2;198;92;83;48;2;205;87;90m▝[38;2;199;90;84;48;2;196;90;78m▖[38;2;197;89;75;48;2;192;90;67m▖[38;2;190;91;65;48;2;185;92;58m▄[38;2;186;93;60;48;2;179;93;49m▖[38;2;170;97;39;48;2;177;92;44m▝[38;2;170;95;39;48;2;165;101;33m▃[38;2;155;113;26;48;2;163;102;29m▝[38;2;158;109;25;48;2;150;116;21m▄[38;2;149;115;19;48;2;142;122;17m▃[38;2;143;122;14;48;2;135;129;11m▄[38;2;138;128;13;48;2;131;131;9m▖[38;2;130;134;10;48;2;125;131;6m▗[38;2;124;133;8;48;2;119;133;5m▋[38;2;125;136;8;48;2;119;134;5m╻[38;2;123;135;10;48;2;119;133;6m▂[38;2;131;131;11;48;2;122;133;11m▁[38;2;127;132;16;48;2;129;132;20m▌[38;2;131;131;23;48;2;135;132;27m▋[38;2;136;129;30;48;2;142;131;35m▊[38;2;144;128;33;48;2;143;129;37m╹[38;2;146;128;42;48;2;149;127;45m▌[38;2;156;130;54;48;2;155;128;51m╏[38;2;158;126;55;48;2;162;126;61m▍[38;2;165;126;64;48;2;172;123;66m▅[38;2;170;125;71;48;2;181;125;78m▆[38;2;174;123;74;48;2;178;125;76m▖[38;2;181;124;79;48;2;178;125;73m▃[38;2;176;124;75;48;2;171;124;66m▄[38;2;176;125;74;48;2;168;125;64m▃[38;2;171;126;67;48;2;162;128;57m▆[48;2;164;127;56m▄[38;2;169;126;66;48;2;161;128;54m▄[38;2;167;129;63;48;2;159;128;52m▃[38;2;165;128;58;48;2;154;129;48m▃[38;2;157;129;49;48;2;150;131;41m▖[38;2;149;131;40;48;2;143;133;32m▄[38;2;144;133;33;48;2;139;135;27m▄[38;2;139;136;28;48;2;134;137;22m▃[38;2;135;137;23;48;2;125;138;14m▆[38;2;137;142;26;48;2;130;143;19m▂[38;2;128;145;19;48;2;131;145;23m┗[38;2;130;148;22;48;2;132;148;25m┛[38;2;135;150;34;48;2;134;148;29m╷[38;2;137;152;35;48;2;137;149;27m▆[38;2;140;152;39;48;2;135;148;30m▆[38;2;143;155;44;48;2;138;150;33m▆[38;2;146;155;50;48;2;142;153;38m▄[38;2;149;158;55;48;2;143;157;42m▃[38;2;151;158;56;48;2;145;155;43m▃[38;2;154;160;59;48;2;145;157;45m▂[38;2;149;157;55;48;2;144;154;44m▅[0m
[38;2;207;137;129;48;2;208;133;125m▂[38;2;201;130;117;48;2;207;130;121m─[38;2;204;124;118;48;2;207;128;121m▗[38;2;207;122;116;48;2;210;124;118m▅[38;2;210;121;114;48;2;207;121;116m┌[38;2;207;116;112;48;2;209;119;114m▁[38;2;208;114;110;48;2;208;118;114m▄[38;2;208;115;112;48;2;209;119;116m▆[38;2;207;115;111;48;2;210;117;115m▅[38;2;207;115;113;48;2;210;117;116m▂[38;2;207;117;116;48;2;210;119;118m━[38;2;209;120;120;48;2;211;121;125m▅[38;2;207;123;121;48;2;211;122;124m▃[38;2;212;122;127;48;2;211;122;125m┽[38;2;211;123;128;48;2;210;125;132m▌[38;2;210;126;130;48;2;210;127;132m╋[38;2;212;129;134;48;2;210;128;135m▂[38;2;212;131;135;48;2;210;129;133m┨[38;2;209;129;132;48;2;211;127;137m▏[38;2;208;128;135;48;2;211;131;137m▁[38;2;212;129;137;48;2;212;131;138m▖[38;2;211;128;136;48;2;212;131;140m▇[38;2;212;131;138;48;2;210;130;136m┰[38;2;210;130;137;48;2;211;128;135m▍[38;2;210;128;134;48;2;212;130;139m▇[38;2;211;129;132;48;2;211;129;135m┰[38;2;207;128;135;48;2;210;129;134m╶[38;2;210;128;137;48;2;211;128;136m┈[38;2;211;129;136;48;2;210;128;134m▘[38;2;212;130;138;48;2;211;129;136m┖[38;2;209;129;134;48;2;211;132;138m▆[38;2;209;126;134;48;2;209;129;135m▁[38;2;209;127;133;48;2;211;129;135m▄[38;2;209;129;137;48;2;210;128;135m╃[38;2;212;129;138;48;2;210;127;135m┻[38;2;211;130;136;48;2;210;129;134m┳[38;2;207;127;132;48;2;211;128;134m▘[38;2;212;127;133;48;2;212;123;130m▌[38;2;211;123;132;48;2;208;123;129m▎[38;2;212;122;129;48;2;211;118;127m▋[38;2;205;120;128;48;2;211;121;131m▖[38;2;211;122;130;48;2;210;120;129m┏[38;2;213;120;130;48;2;210;117;125m▂[38;2;212;119;128;48;2;210;112;121m▖[38;2;210;108;122;48;2;209;101;115m▅[38;2;210;102;117;48;2;211;95;114m▄[38;2;210;93;112;48;2;209;88;106m▅[38;2;210;87;106;48;2;211;85;102m▅[38;2;210;85;102;48;2;208;83;97m▃[38;2;208;81;96;48;2;203;84;87m▄[38;2;196;85;75;48;2;202;84;86m▝[38;2;202;83;83;48;2;195;86;72m▖[38;2;186;91;59;48;2;193;87;68m▝[38;2;189;89;61;48;2;182;91;52m▄[38;2;173;95;41;48;2;180;91;49m▝[38;2;178;93;43;48;2;170;97;35m▃[38;2;170;96;37;48;2;164;101;29m▖[38;2;161;105;27;48;2;155;109;24m▄[38;2;155;108;22;48;2;148;116;19m▖[38;2;147;119;16;48;2;141;123;12m▄[38;2;139;126;13;48;2;133;126;7m▊[38;2;137;126;8;48;2;130;132;8m▖[38;2;131;133;5;48;2;125;133;5m▖[38;2;125;132;5;48;2;130;132;10m▍[38;2;130;133;14;48;2;126;132;10m▆[38;2;131;133;17;48;2;134;133;23m▌[38;2;132;132;23;48;2;136;131;28m▎[38;2;143;131;34;48;2;139;131;30m▗[38;2;141;129;35;48;2;147;129;39m▖[38;2;148;128;42;48;2;152;127;47m▍[38;2;153;127;51;48;2;157;129;56m▘[38;2;160;127;61;48;2;164;125;63m▌[38;2;164;124;66;48;2;167;126;69m┙[38;2;171;124;73;48;2;175;124;78m▋[38;2;176;122;79;48;2;179;122;82m▍[38;2;181;122;83;48;2;183;122;86m▍[38;2;188;122;89;48;2;184;123;86m▄[38;2;188;123;91;48;2;184;126;84m▄[38;2;189;124;89;48;2;180;124;80m▅[38;2;187;123;88;48;2;180;124;79m▄[38;2;183;124;85;48;2;178;125;77m▖[38;2;171;127;67;48;2;175;127;74m▝[38;2;165;127;63;48;2;170;126;68m▝[38;2;165;126;64;48;2;161;127;56m▖[38;2;158;130;52;48;2;153;130;45m▆[38;2;153;132;47;48;2;149;132;40m▃[38;2;149;135;41;48;2;143;135;33m▄[38;2;144;136;39;48;2;140;137;30m▄[38;2;141;140;34;48;2;137;140;28m▖[38;2;136;144;32;48;2;134;142;24m▄[38;2;136;147;32;48;2;132;147;25m▄[38;2;137;151;29;48;2;135;150;32m┈[38;2;137;151;37;48;2;142;153;39m▉[38;2;144;154;45;48;2;141;153;40m▝[38;2;141;155;42;48;2;144;156;46m┫[38;2;145;157;47;48;2;146;160;53m▋[38;2;143;158;51;48;2;149;158;55m▖[38;2;147;157;55;48;2;150;161;59m▁[38;2;151;161;60;48;2;155;161;63m▏[38;2;153;159;62;48;2;155;161;66m▘[0m
[38;2;208;156;153;48;2;208;145;139m▅[38;2;208;151;146;48;2;208;140;133m▄[38;2;207;145;142;48;2;208;136;128m▄[38;2;208;139;135;48;2;210;127;122m▄[38;2;207;135;130;48;2;208;123;116m▄[38;2;209;131;127;48;2;209;121;115m▃[38;2;207;125;121;48;2;207;116;111m▃[38;2;206;121;117;48;2;208;115;110m▃[38;2;206;120;114;48;2;207;113;112m▂[38;2;203;117;111;48;2;205;115;112m╵[38;2;207;113;112;48;2;209;115;113m╲[38;2;207;116;113;48;2;210;117;117m▁[38;2;209;118;117;48;2;209;120;119m▃[38;2;211;122;125;48;2;209;121;119m━[38;2;211;123;127;48;2;210;121;124m▝[38;2;210;122;123;48;2;212;124;128m▂[38;2;210;126;131;48;2;210;126;129m╵[38;2;211;126;135;48;2;210;126;130m▚[38;2;209;126;130;48;2;210;127;135m▄[38;2;210;125;133;48;2;210;130;136m▄[38;2;209;126;133;48;2;210;131;136m▅[38;2;212;127;134;48;2;213;131;139m▆[38;2;214;124;134;48;2;211;126;135m▁[38;2;210;127;133;48;2;212;128;136m▗[38;2;208;126;131;48;2;210;128;135m▗[38;2;210;128;130;48;2;210;126;134m▖[38;2;211;129;134;48;2;211;127;132m▁[38;2;211;128;135;48;2;210;126;133m╊[38;2;212;128;135m╼[38;2;211;128;134;48;2;210;127;133m┊[38;2;212;128;135;48;2;211;126;133m╏[38;2;205;123;129;48;2;211;126;134m▁[38;2;209;124;131;48;2;210;127;133m─[38;2;209;123;129;48;2;209;126;133m▘[38;2;210;124;131;48;2;210;127;131m▅[38;2;210;125;132;48;2;212;127;134m▗[38;2;211;126;132;48;2;211;129;135m▅[48;2;211;128;135m▖[38;2;212;128;136;48;2;210;124;134m▎[38;2;210;117;130;48;2;211;124;132m▝[38;2;212;120;131;48;2;210;119;130m┩[38;2;211;119;130;48;2;210;118;127m┠[38;2;212;119;129m▘[38;2;210;117;123;48;2;209;117;127m▁[38;2;211;116;126;48;2;208;113;124m▚[38;2;209;113;124;48;2;211;107;120m▃[38;2;210;107;120;48;2;213;99;117m▄[38;2;210;102;118;48;2;212;92;111m▄[38;2;209;94;112;48;2;211;87;107m▃[38;2;211;86;107;48;2;209;83;102m▇[38;2;204;80;90;48;2;209;83;98m▝[38;2;208;83;93;48;2;203;81;84m▄[38;2;203;83;84;48;2;199;81;78m▃[38;2;192;85;63;48;2;196;85;76m▝[38;2;193;86;70;48;2;188;87;61m▖[38;2;191;89;64;48;2;184;88;53m▖[38;2;180;90;47;48;2;174;92;40m▆[38;2;167;97;30;48;2;172;92;39m▝[38;2;168;97;35;48;2;160;104;25m▄[38;2;162;101;27;48;2;152;111;19m▄[38;2;154;109;18;48;2;145;118;12m▄[38;2;150;117;17;48;2;138;125;10m▖[38;2;141;127;9;48;2;133;131;6m▃[38;2;139;130;11;48;2;133;132;8m▂[38;2;140;132;18;48;2;134;132;12m▗[38;2;139;133;22;48;2;135;132;17m▇[38;2;141;132;21;48;2;144;131;28m▌[38;2;145;130;33;48;2;147;131;38m▋[38;2;147;130;39;48;2;151;128;43m▋[38;2;149;130;42;48;2;153;129;47m▍[38;2;155;127;51;48;2;157;126;54m▍[38;2;162;126;61;48;2;165;127;65m▊[38;2;171;125;71;48;2;167;125;68m▗[38;2;177;125;77;48;2;174;124;75m▂[38;2;178;123;81;48;2;184;124;86m▊[38;2;183;122;86;48;2;188;122;91m▊[38;2;192;120;98;48;2;190;122;93m▁[38;2;195;122;98;48;2;192;120;95m┓[38;2;196;123;98;48;2;193;121;94m▗[38;2;193;122;95;48;2;189;124;90m▅[38;2;188;122;90;48;2;184;124;86m▅[38;2;183;124;84;48;2;180;126;80m▌[38;2;177;128;77;48;2;174;126;72m▂[38;2;167;128;62;48;2;171;127;68m▝[38;2;161;128;54;48;2;166;126;60m▝[38;2;156;131;48;48;2;160;129;53m▝[38;2;158;132;51;48;2;154;134;45m▃[38;2;154;135;50;48;2;149;136;42m▃[38;2;143;143;36;48;2;147;140;43m▝[38;2;146;143;40;48;2;143;145;37m▆[38;2;144;146;40;48;2;140;145;35m▅[38;2;143;149;43;48;2;139;149;37m▃[38;2;140;153;44;48;2;139;152;40m▃[38;2;140;153;43;48;2;142;155;47m▎[38;2;142;156;46;48;2;148;157;52m▘[38;2;149;159;57;48;2;146;158;51m▂[38;2;153;161;64;48;2;147;159;58m▂[38;2;151;161;65;48;2;148;159;58m▆[38;2;157;163;68;48;2;154;160;64m▅[38;2;155;164;70;48;2;151;161;64m▅[0m
[38;2;209;175;170;48;2;208;166;163m▅[38;2;208;167;164;48;2;209;159;155m▆[38;2;209;163;160;48;2;208;155;151m▅[38;2;210;157;155;48;2;208;147;145m▆[38;2;207;155;152;48;2;208;145;142m▄[38;2;208;146;144;48;2;208;137;134m▆[38;2;208;142;140;48;2;206;133;131m▅[38;2;208;137;135;48;2;207;128;126m▅[38;2;208;132;130;48;2;207;126;120m▄[38;2;207;129;124;48;2;209;122;118m▄[38;2;208;125;121;48;2;208;118;115m▄[38;2;207;121;120;48;2;208;117;116m▁[38;2;210;117;118;48;2;206;118;115m▌[38;2;201;116;114;48;2;208;119;119m┐[38;2;209;119;118;48;2;210;120;120m▁[38;2;208;121;120;48;2;209;121;123m▖[38;2;210;124;124;48;2;210;124;128m▌[38;2;216;127;133;48;2;211;124;129m╶[38;2;210;123;125;48;2;209;126;130m▖[38;2;207;123;129;48;2;210;125;131m▖[38;2;213;128;135;48;2;210;123;131m╹[38;2;210;125;132;48;2;207;127;133m▅[38;2;208;123;130;48;2;210;125;133m▖[38;2;212;125;133;48;2;211;123;132m╶[38;2;209;120;129;48;2;211;124;132m╺[38;2;210;119;131;48;2;211;123;133m▗[38;2;211;123;129;48;2;211;122;132m▝[38;2;210;120;127;48;2;210;123;130m┬[38;2;210;122;130;48;2;212;126;133m▆[38;2;210;120;129;48;2;213;124;132m▄[38;2;210;119;127;48;2;212;123;131m▃[38;2;211;122;128;48;2;211;123;130m┒[38;2;205;122;127;48;2;211;123;131m▂[38;2;213;124;130;48;2;210;124;131m╸[38;2;209;124;130;48;2;212;124;132m▍[38;2;208;121;129;48;2;211;123;131m╻[38;2;209;124;131;48;2;210;124;130m╴[38;2;208;123;128;48;2;211;128;132m▄[38;2;210;123;132;48;2;209;127;132m▂[38;2;206;123;127;48;2;211;124;131m─[38;2;213;122;130;48;2;211;122;129m┚[38;2;214;121;132;48;2;209;119;128m┃[38;2;211;118;131;48;2;210;117;128m╾[38;2;210;117;127;48;2;211;118;127m▅[38;2;211;119;127;48;2;209;117;126m▊[38;2;211;118;128;48;2;208;114;125m▇[38;2;210;115;126;48;2;210;110;122m▆[38;2;211;112;124;48;2;210;107;120m▂[38;2;212;98;116;48;2;211;104;119m▝[38;2;211;98;114;48;2;211;90;111m▅[38;2;211;92;110;48;2;212;88;106m▅[38;2;212;88;105;48;2;208;84;96m▄[38;2;208;86;97;48;2;202;83;91m▄[38;2;205;87;92;48;2;202;84;84m▖[38;2;200;86;80;48;2;196;86;72m▅[38;2;189;89;63;48;2;194;88;73m▝[38;2;191;91;67;48;2;188;89;58m▄[38;2;187;90;58;48;2;181;90;50m▃[38;2;181;92;50;48;2;175;91;41m▖[38;2;174;92;38;48;2;166;97;32m▄[38;2;157;106;22;48;2;165;98;30m▝[38;2;160;104;25;48;2;152;112;19m▄[38;2;151;113;19;48;2;146;121;15m▅[38;2;151;118;18;48;2;145;125;15m▃[38;2;146;126;20;48;2;140;130;16m▇[38;2;150;128;27;48;2;145;129;21m▂[38;2;143;131;25;48;2;148;130;29m▘[38;2;155;134;39;48;2;149;129;33m─[38;2;152;129;39;48;2;155;129;44m▋[38;2;158;126;45;48;2;157;128;47m▂[38;2;161;128;52;48;2;163;128;56m▌[38;2;164;128;60;48;2;167;127;65m▍[38;2;172;126;74;48;2;171;125;67m▝[38;2;177;128;79;48;2;175;125;76m╍[38;2;183;126;88;48;2;179;124;82m╺[38;2;185;121;87;48;2;188;123;92m▋[38;2;188;122;93;48;2;192;123;99m▍[38;2;195;122;100;48;2;199;122;105m▌[38;2;197;123;105;48;2;198;121;100m▃[38;2;196;120;102;48;2;194;122;97m▃[38;2;192;121;96;48;2;189;124;91m▋[38;2;181;123;81;48;2;186;123;87m▝[38;2;184;124;86;48;2;178;125;77m▖[38;2;176;126;74;48;2;173;128;69m▌[38;2;169;126;68;48;2;166;126;60m▋[38;2;167;131;62;48;2;161;129;57m▃[38;2;161;131;57;48;2;158;132;55m▄[38;2;159;136;54;48;2;156;134;50m▅[38;2;159;137;55;48;2;154;138;49m▖[38;2;154;140;50;48;2;150;143;46m▋[38;2;152;144;48;48;2;148;144;45m▄[38;2;149;148;47;48;2;144;147;42m▅[38;2;142;151;40;48;2;144;153;47m▘[38;2;140;152;41;48;2;144;155;46m┒[38;2;144;156;48;48;2;146;157;55m▍[38;2;144;159;58;48;2;148;159;60m─[38;2;150;161;60;48;2;152;161;65m▌[38;2;153;161;66;48;2;157;163;69m▊[38;2;161;164;73;48;2;156;164;70m▗[38;2;158;163;75;48;2;154;165;71m▅[0m
[38;2;211;181;181;48;2;209;179;176m▃[38;2;209;179;176;48;2;209;175;171m▆[38;2;208;179;173;48;2;208;171;168m▃[38;2;210;172;170;48;2;209;167;164m▃[38;2;209;168;167;48;2;208;162;160m▁[38;2;210;161;160;48;2;209;156;154m▖[38;2;209;154;153;48;2;210;149;147m▅[38;2;208;150;150;48;2;207;144;143m▄[38;2;207;144;143;48;2;208;138;138m▅[38;2;208;140;139;48;2;207;132;132m▅[38;2;208;135;133;48;2;206;127;125m▅[38;2;209;130;128;48;2;209;124;121m▄[38;2;209;126;123;48;2;209;120;118m▄[38;2;209;121;119;48;2;209;118;117m▃[38;2;209;119;118;48;2;208;118;116m╱[38;2;210;120;119;48;2;209;119;118m╴[38;2;210;120;120;48;2;210;123;125m▇[38;2;213;124;128;48;2;210;120;124m▝[38;2;207;120;123;48;2;210;123;125m┓[38;2;208;121;124;48;2;210;121;127m▍[38;2;211;120;127;48;2;211;122;130m▗[38;2;209;123;127;48;2;211;122;131m▇[38;2;209;120;128;48;2;211;123;130m▘[38;2;208;120;126;48;2;210;123;129m╎[38;2;213;123;129;48;2;213;123;132m▄[38;2;212;121;132;48;2;212;124;134m┖[38;2;209;123;130;48;2;210;121;124m▇[38;2;212;124;132;48;2;211;122;131m╴[38;2;212;122;130;48;2;211;121;127m▅[38;2;212;122;129;48;2;210;119;123m▅[38;2;212;123;129;48;2;209;120;127m┸[38;2;210;117;128;48;2;211;120;127m▂[38;2;209;123;125;48;2;212;119;125m▎[38;2;212;120;130;48;2;210;118;127m╏[38;2;208;120;124;48;2;211;121;129m▄[38;2;209;118;127;48;2;210;122;130m▇[38;2;210;120;129;48;2;209;120;125m▎[38;2;208;118;119;48;2;211;120;127m╻[38;2;208;119;121;48;2;211;122;130m▁[38;2;210;123;130;48;2;213;120;129m▋[38;2;213;123;131;48;2;210;121;128m▋[38;2;212;122;128;48;2;210;121;126m▚[38;2;210;119;128;48;2;209;116;126m┓[38;2;211;114;129;48;2;210;115;125m━[38;2;208;111;121;48;2;210;114;126m▁[38;2;208;114;122;48;2;209;116;126m▂[38;2;207;114;123;48;2;210;115;125m▖[38;2;209;114;123;48;2;210;116;125m▂[38;2;212;112;123;48;2;211;109;121m▅[38;2;214;102;119;48;2;211;107;120m▝[38;2;211;104;119;48;2;211;98;115m▄[38;2;211;97;110;48;2;210;91;107m▅[38;2;210;92;110;48;2;210;88;100m▄[38;2;210;87;98;48;2;207;83;93m▅[38;2;208;89;94;48;2;204;86;88m▖[38;2;196;89;77;48;2;201;87;85m▝[38;2;199;91;77;48;2;195;92;73m▃[38;2;186;92;61;48;2;192;93;69m▝[38;2;186;95;62;48;2;183;92;54m▄[38;2;176;93;43;48;2;180;94;50m▝[38;2;175;94;43;48;2;170;94;37m▆[38;2;161;100;26;48;2;167;98;33m▝[38;2;156;106;23;48;2;162;103;28m▝[38;2;154;116;21;48;2;156;107;25m▝[38;2;158;114;28;48;2;153;118;23m▄[38;2;156;119;30;48;2;152;124;27m▄[38;2;157;123;32;48;2;154;127;31m▃[38;2;159;126;37;48;2;152;128;33m▅[38;2;162;127;45;48;2;157;128;41m▗[38;2;160;127;46;48;2;163;127;50m▌[38;2;162;127;53;48;2;165;129;56m▘[38;2;167;129;61;48;2;169;128;64m▋[38;2;170;124;65;48;2;174;125;69m▌[38;2;176;124;72;48;2;178;126;78m▖[38;2;179;125;81;48;2;181;123;86m▋[38;2;185;122;87;48;2;189;123;94m▊[38;2;192;120;94;48;2;193;123;97m┛[38;2;201;121;106;48;2;196;120;100m▝[38;2;202;122;107;48;2;200;121;103m▗[38;2;202;120;104;48;2;197;121;100m▖[38;2;195;122;100;48;2;194;120;94m▎[38;2;191;124;92;48;2;187;123;88m▍[38;2;186;124;87;48;2;182;124;81m▖[38;2;180;126;80;48;2;177;127;73m▎[38;2;175;128;73;48;2;170;128;69m▖[38;2;169;131;67;48;2;168;130;63m▌[38;2;166;132;65;48;2;164;133;61m▖[38;2;163;134;62;48;2;162;136;58m▖[38;2;160;140;59;48;2;158;139;55m▃[38;2;154;141;54;48;2;156;142;55m╳[38;2;159;146;57;48;2;153;146;52m▂[38;2;151;148;54;48;2;146;149;50m▋[38;2;150;151;52;48;2;147;154;50m▉[38;2;145;155;52;48;2;146;153;49m▅[38;2;146;159;57;48;2;147;156;52m▗[38;2;149;159;62;48;2;149;157;58m▃[38;2;155;160;66;48;2;153;159;63m▝[38;2;152;161;68;48;2;154;162;68m┳[38;2;161;167;75;48;2;157;165;72m╻[38;2;154;164;73;48;2;158;165;74m▝[0m
[38;2;212;185;188;48;2;208;184;182m╶[38;2;210;187;190;48;2;210;184;181m╴[38;2;212;186;181;48;2;209;181;178m▖[38;2;209;180;177;48;2;209;173;172m▆[38;2;208;169;166;48;2;209;173;173m▝[38;2;207;164;161;48;2;209;168;168m▝[38;2;209;165;163;48;2;209;161;158m▍[38;2;210;160;160;48;2;207;155;153m▖[38;2;211;156;156;48;2;211;151;149m▖[38;2;209;149;149;48;2;209;144;144m▖[38;2;211;145;144;48;2;210;139;141m▄[38;2;208;139;138;48;2;207;133;132m▅[38;2;208;135;135;48;2;208;129;127m▄[38;2;207;123;121;48;2;208;129;129m▝[38;2;207;125;125;48;2;206;122;118m▌[38;2;207;117;115;48;2;209;120;119m▝[38;2;208;116;117;48;2;210;116;120m▊[38;2;209;118;118;48;2;208;117;117m╃[48;2;211;121;121m▅[38;2;208;119;118;48;2;210;121;123m▃[38;2;208;121;120;48;2;210;122;124m▗[38;2;210;119;127;48;2;209;120;125m▃[38;2;211;122;125;48;2;211;120;128m▍[38;2;212;121;131;48;2;210;120;129m▄[38;2;210;122;129;48;2;212;123;132m▆[38;2;213;122;126;48;2;210;121;130m▗[38;2;211;125;131;48;2;206;121;129m▇[38;2;209;126;130;48;2;211;124;132m▚[38;2;211;125;134;48;2;213;123;132m▅[38;2;212;125;133;48;2;211;120;130m▆[38;2;211;126;133;48;2;210;122;131m▃[38;2;211;124;130;48;2;211;120;129m▅[38;2;211;121;125;48;2;210;122;131m▝[38;2;211;121;130;48;2;210;121;126m▄[38;2;211;119;127;48;2;210;122;128m▝[38;2;211;122;128;48;2;211;120;128m▅[38;2;212;122;130;48;2;211;120;126m▄[38;2;210;123;130;48;2;211;121;124m▃[38;2;209;122;129;48;2;210;122;126m┐[38;2;209;120;127;48;2;209;122;128m▚[38;2;211;121;127;48;2;208;123;124m▆[38;2;210;122;126;48;2;211;122;130m▆[38;2;208;119;125;48;2;211;121;128m╼[38;2;211;120;128;48;2;209;114;125m▅[38;2;210;117;126;48;2;208;112;122m▆[38;2;211;116;125;48;2;209;112;123m▂[38;2;208;113;121;48;2;209;113;124m▁[38;2;209;114;121;48;2;210;114;125m▝[38;2;211;116;126;48;2;208;113;123m╺[38;2;209;112;120;48;2;211;112;123m╴[38;2;211;109;125;48;2;210;106;118m▃[38;2;209;99;114;48;2;209;103;115m▝[38;2;212;99;115;48;2;213;93;112m▄[38;2;213;94;113;48;2;211;91;108m▖[38;2;206;89;97;48;2;211;87;103m▝[38;2;210;87;101;48;2;204;91;93m▄[38;2;206;87;91;48;2;201;90;84m▄[38;2;200;89;84;48;2;195;93;74m▄[38;2;197;91;82;48;2;191;96;69m▖[38;2;181;97;58;48;2;189;96;67m▝[38;2;184;99;60;48;2;177;96;50m▄[38;2;177;100;50;48;2;172;97;42m▄[38;2;169;97;39;48;2;165;99;33m▅[38;2;164;101;38;48;2;162;104;30m▖[38;2;165;105;35;48;2;160;109;30m▄[38;2;161;116;34;48;2;163;111;35m▝[38;2;166;115;43;48;2;161;119;35m╻[38;2;161;124;44;48;2;161;122;40m╼[38;2;161;125;39;48;2;162;123;44m▎[38;2;165;126;50;48;2;164;125;47m▗[38;2;164;124;51;48;2;167;126;56m▘[38;2;168;125;58;48;2;172;126;63m▌[38;2;171;126;66;48;2;175;125;69m▘[38;2;177;125;72;48;2;181;126;77m▍[38;2;181;126;73;48;2;183;124;83m╴[38;2;186;123;87;48;2;190;125;91m▌[38;2;190;124;93;48;2;194;121;95m▍[38;2;194;119;97;48;2;197;121;101m▘[38;2;201;123;106;48;2;200;121;104m▎[38;2;203;125;107m┘[38;2;198;122;99;48;2;194;123;97m▍[38;2;191;123;89;48;2;190;122;92m╼[38;2;190;124;88;48;2;183;124;84m▏[38;2;177;125;78;48;2;180;126;80m─[38;2;181;131;74;48;2;176;128;71m┒[38;2;173;130;71;48;2;170;132;65m▍[38;2;172;137;72;48;2;169;133;67m┒[38;2;165;138;64;48;2;166;136;67m┍[38;2;160;140;63;48;2;164;141;64m┗[38;2;161;145;63;48;2;159;144;57m▆[38;2;159;148;62;48;2;159;146;59m▃[38;2;153;149;56;48;2;150;152;57m▉[38;2;153;153;58;48;2;149;150;53m▅[38;2;151;158;54;48;2;147;154;52m▃[38;2;147;156;52;48;2;149;159;56m╹[38;2;146;160;59;48;2;149;162;63m▘[38;2;150;161;62;48;2;152;162;65m▍[38;2;153;165;68;48;2;155;164;72m▋[38;2;159;168;77;48;2;157;166;74m▗[38;2;161;166;80;48;2;157;165;77m▄[0m
[?25h
